-- MySQL dump 10.13  Distrib 8.0.21, for Win64 (x86_64)
--
-- Host: localhost    Database: casestudy_hoahauvietnam
-- ------------------------------------------------------
-- Server version	8.0.21

/*!40101 SET @OLD_CHARACTER_SET_CLIENT=@@CHARACTER_SET_CLIENT */;
/*!40101 SET @OLD_CHARACTER_SET_RESULTS=@@CHARACTER_SET_RESULTS */;
/*!40101 SET @OLD_COLLATION_CONNECTION=@@COLLATION_CONNECTION */;
/*!50503 SET NAMES utf8 */;
/*!40103 SET @OLD_TIME_ZONE=@@TIME_ZONE */;
/*!40103 SET TIME_ZONE='+00:00' */;
/*!40014 SET @OLD_UNIQUE_CHECKS=@@UNIQUE_CHECKS, UNIQUE_CHECKS=0 */;
/*!40014 SET @OLD_FOREIGN_KEY_CHECKS=@@FOREIGN_KEY_CHECKS, FOREIGN_KEY_CHECKS=0 */;
/*!40101 SET @OLD_SQL_MODE=@@SQL_MODE, SQL_MODE='NO_AUTO_VALUE_ON_ZERO' */;
/*!40111 SET @OLD_SQL_NOTES=@@SQL_NOTES, SQL_NOTES=0 */;

--
-- Table structure for table `account`
--

DROP TABLE IF EXISTS `account`;
/*!40101 SET @saved_cs_client     = @@character_set_client */;
/*!50503 SET character_set_client = utf8mb4 */;
CREATE TABLE `account` (
  `idAccount` int NOT NULL AUTO_INCREMENT,
  `image` longtext NOT NULL,
  `userName` varchar(50) NOT NULL,
  `passWord` varchar(50) NOT NULL,
  `fullName` varchar(45) NOT NULL,
  `email` varchar(50) NOT NULL,
  `status` varchar(1) DEFAULT '0',
  PRIMARY KEY (`idAccount`)
) ENGINE=InnoDB AUTO_INCREMENT=13 DEFAULT CHARSET=utf8mb4 COLLATE=utf8mb4_0900_ai_ci;
/*!40101 SET character_set_client = @saved_cs_client */;

--
-- Dumping data for table `account`
--

LOCK TABLES `account` WRITE;
/*!40000 ALTER TABLE `account` DISABLE KEYS */;
INSERT INTO `account` VALUES (1,'https://cdn.24h.com.vn/upload/1-2020/images/2020-03-16/My-nhan-bi-a-xinh-nhu-mong-Guong-mat-ngay-tho-khien-the-gioi-sung-so-lee-mi-2-1539942850-759-width660height767-1584322832-709-width660height767.jpg','mirae11','Mirae@123','Lee Mi Rae','mirae@gmail.com','0'),(2,'https://cdn.tuoitre.vn/thumb_w/980/2020/11/20/phuong-quynh-1605858339178421465329.jpg','haimy@11','Doanhaimi@111','Doãn Hãi Mi','haimi@gmail.com','0'),(3,'https://cdn.tuoitre.vn/thumb_w/980/2020/11/20/do-thi-ha-245-16058576482891283373236.jpg','hado@111','Doha@111','Đỗ Thị Hà','doha@gmail.com','0'),(4,'https://www.elleman.vn/wp-content/uploads/2019/12/31/Song-A-Reum-khoe-co-bap.jpg','Reum@111','SongReum@111','Song A Reum','sahim@mailinator.com','0'),(5,'Distinctio Tempore','Placeat repudiandae','Eaque exercitationem','Kyla Crosby','pexyq@mailinator.com','1'),(6,'Facilis modi quis la','Aute velit vel quas ','Admin@111','Jasper Perkins','vamit@mailinator.com','1'),(7,'Ratione fugit quam ','Suscipit   magni má','Admin@111112','Colt Johns','tepupacy@mailinator.com','1'),(8,'Aut mollitia et mole','nguyễn Thị thơm','Admin@111112das','Shaine Pace','nelipo@mailinator.com','1'),(9,'Eveniet est ut par','abcdefgh','A@1abcdef','Aiko adasd','wosonade@mailinator.com','1'),(10,'https://cdn.24h.com.vn/upload/1-2020/images/2020-03-16/My-nhan-bi-a-xinh-nhu-mong-Guong-mat-ngay-tho-khien-the-gioi-sung-so-lee-mi-2-1539942850-759-width660height767-1584322832-709-width660height767.jpg','admin@gmail.com','Admin@1111','Ha Thuc Phuong Hoa','hhathucphuonghoa@gmail.com','0'),(11,'http://hinhnen.ibongda.net/upload/wallpaper/doi-bong/2012/11/23/ofcbarcelonafondos-1.jpg','tanphuc@gmail.com','Haylamnha@11','Lê Hoàng Ngân','phucle@gmail.com','1'),(12,'http://hinhnen.ibongda.net/upload/wallpaper/doi-bong/2012/11/23/ofcbarcelonafondos-1.jpg','hoanglong@gmail.com','Hoanglong@1111','Lê Hoàng Long','hoanglong@gmail.com','0');
/*!40000 ALTER TABLE `account` ENABLE KEYS */;
UNLOCK TABLES;

--
-- Table structure for table `education`
--

DROP TABLE IF EXISTS `education`;
/*!40101 SET @saved_cs_client     = @@character_set_client */;
/*!50503 SET character_set_client = utf8mb4 */;
CREATE TABLE `education` (
  `idEducation` int NOT NULL AUTO_INCREMENT,
  `nameEducation` varchar(45) NOT NULL,
  `status` varchar(1) DEFAULT '0',
  PRIMARY KEY (`idEducation`)
) ENGINE=InnoDB AUTO_INCREMENT=16 DEFAULT CHARSET=utf8mb4 COLLATE=utf8mb4_0900_ai_ci;
/*!40101 SET character_set_client = @saved_cs_client */;

--
-- Dumping data for table `education`
--

LOCK TABLES `education` WRITE;
/*!40000 ALTER TABLE `education` DISABLE KEYS */;
INSERT INTO `education` VALUES (1,'Tiểu Học','0'),(2,'Trung Học Cơ Sở','1'),(3,'Trung Học Phổ Thông','1'),(4,'Trung Cấp','0'),(5,'Cao Đẳng','0'),(6,'Đại Học','0'),(7,'Cao Học','0'),(8,'Ba Láp','1'),(9,'Trung Học Cơ Sở','0'),(10,'Trung Học Phổ Thông','0'),(11,'Khong hpck','1'),(12,'âsasdsadsad','1'),(13,'Sau Cao học','1'),(14,'Ruby Levinesadsa','1'),(15,'Yen Tillman','1');
/*!40000 ALTER TABLE `education` ENABLE KEYS */;
UNLOCK TABLES;

--
-- Table structure for table `miss`
--

DROP TABLE IF EXISTS `miss`;
/*!40101 SET @saved_cs_client     = @@character_set_client */;
/*!50503 SET character_set_client = utf8mb4 */;
CREATE TABLE `miss` (
  `idMiss` int NOT NULL AUTO_INCREMENT,
  `nameMiss` varchar(70) NOT NULL,
  `dateOfBirth` date NOT NULL,
  `passport` varchar(45) NOT NULL,
  `address` varchar(100) NOT NULL,
  `job` varchar(45) NOT NULL,
  `email` varchar(60) NOT NULL,
  `numberPhone` varchar(45) NOT NULL,
  `idProvince` int NOT NULL,
  `idNation` int NOT NULL,
  `idEducation` int NOT NULL,
  `image` varchar(500) NOT NULL,
  `status` varchar(50) DEFAULT 'Chờ duyệt',
  `isDelete` varchar(1) DEFAULT '0',
  PRIMARY KEY (`idMiss`)
) ENGINE=InnoDB AUTO_INCREMENT=18 DEFAULT CHARSET=utf8mb4 COLLATE=utf8mb4_0900_ai_ci;
/*!40101 SET character_set_client = @saved_cs_client */;

--
-- Dumping data for table `miss`
--

LOCK TABLES `miss` WRITE;
/*!40000 ALTER TABLE `miss` DISABLE KEYS */;
INSERT INTO `miss` VALUES (1,'Emmanuel Hess','1976-10-12','Delectus voluptatem','Et odit rem adipisic','Labore numquam quis ','mymuluj@mailinator.com','+1 (255) 288-8145',2,1,6,'Odio dolore quasi ma','Chờ duyệt','1'),(2,'Lee Mi Rae','1995-11-28','Ex sed maxime natus ','Fugiat vero reprehe','Nostrum dignissimos ','qosurikelo@mailinator.com','+1 (793) 966-9184',3,4,6,'https://img4.thuthuatphanmem.vn/uploads/2020/04/28/hinh-nen-sieu-moto_025908729.jpg','Chờ duyệt','1'),(3,'Ha Thuc Phuong Hoa','2002-01-01','123456','12 Han Thuyen, Thuan Thanh, TP Hue','sinh vien','asdasd@gmail.com','0792334566',4,2,6,'https://www.extremetech.com/wp-content/uploads/2019/12/SONATA-hero-option1-764A5360-edit-768x425.jpg','Chờ duyệt','1'),(4,'Catherine Buchanan','1979-09-14','Ipsa sed unde culpa','Rerum itaque saepe s','Dicta et optio veri','reliqe@mailinator.com','+1 (779) 447-4009',1,5,5,'https://dietmoi.vn/data/upload_file/Image/hoa-hau-2018/top-10-guong-mat-dep-trong-hoa-hau-viet-nam-2018-1.jpg','Chờ duyệt','1'),(5,'Neil Charles','1977-07-19','Magnam sapiente est ','Natus tempora offici','Sed aute irure aut i','winema@mailinator.com','+1 (331) 386-7636',1,1,2,'https://www.extremetech.com/wp-content/uploads/2019/12/SONATA-hero-option1-764A5360-edit-768x425.jpg','Chờ duyệt','1'),(6,'Amos Giles','2005-02-17','Id itaque expedita ','Praesentium sint dol','Atque tenetur maxime','qopape@mailinator.com','+1 (798) 843-9275',2,2,5,'http://hinhnen.ibongda.net/upload/wallpaper/doi-bong/2012/11/23/ofcbarcelonafondos-1.jpg','Chờ duyệt','1'),(7,'Hunter Hardy','1973-08-04','Sed reprehenderit re','Hic earum eum sint ','Ut saepe voluptatem','pibyrysy@mailinator.com','+1 (291) 607-6697',4,1,1,'Nostrud est esse fug','Chờ duyệt','1'),(8,'khang','2021-02-24','123456','ha noi, phu nhuan, tp hue','sinh vien','lequanghiep21101994@gmail.com','1231231233',2,3,3,'https://www.extremetech.com/wp-content/uploads/2019/12/SONATA-hero-option1-764A5360-edit-768x425.jpg','Chờ duyệt','1'),(9,'Lavinia Murray','1997-02-16','Enim fugiat est do','Eiusmod consequatur ','Molestias vitae omni','nahosuc@mailinator.com','+1 (819) 521-9253',2,5,5,'https://dietmoi.vn/data/upload_file/Image/hoa-hau-2018/top-10-guong-mat-dep-trong-hoa-hau-viet-nam-2018-2.jpg','Chờ duyệt','1'),(10,'Lynn Harvey','1978-01-31','Cum voluptatem sunt','Voluptatem suscipit','Reiciendis odio aute','hadomymyre@mailinator.com','+1 (289) 954-6716',2,1,5,'https://i1-ngoisao.vnecdn.net/2020/11/20/HOA-HAU-VIET-NAM-12-JPG-5673-1605889231.jpg?w=1020&h=0&q=100&dpr=1&fit=crop&s=kUVErorlwBc7atYY1gVldQ','Đã duyệt','1'),(11,'Chava Williams','1976-12-09','Consequatur magnam e','Exercitationem ipsa','Provident eaque del','bekedufam@mailinator.com','+1 (334) 958-5682',1,3,5,'https://i1-ngoisao.vnecdn.net/2020/11/20/HOA-HAU-VIET-NAM-15-9525-1605889232.jpg?w=1020&h=0&q=100&dpr=1&fit=crop&s=KYc7gxCboKFDernljCFFNg','Đã duyệt','0'),(12,'Reese Livingston','2009-12-04','Sint dolor aut iure ','Quis velit sit libe','Sed cum voluptates i','xejoloz@mailinator.com','+1 (636) 402-7431',3,3,9,'https://i1-ngoisao.vnecdn.net/2020/11/20/HOA-HAU-VIET-NAM-10-8885-1605889233.jpg?w=1020&h=0&q=100&dpr=1&fit=crop&s=tu0-FPXSSyBqJRaTHpZ-Iw','Bị loại','0'),(13,'Abbot Mcguire','1985-08-22','Numquam fugiat volu','Commodi fugit volup','Ipsam commodi enim n','bafif@mailinator.com','+1 (873) 826-5483',9,8,7,'Esse quia est earum ','Chờ duyệt','1'),(14,'Ezekiel Gaines','2019-06-12','Et illo cumque volup','Aliquip nisi praesen','Autem tempor quis at','pibyjyx@mailinator.com','+1 (512) 765-7839',3,3,5,'http://hinhnen.ibongda.net/upload/wallpaper/doi-bong/2012/11/23/ofcbarcelonafondos-1.jpg','Chờ duyệt','0'),(15,'Orla Buckley','1978-07-28','12345690','Voluptate animi et ','Voluptatem aliqua R','xujyvame@mailinator.com','0792334569',2,3,5,'https://img4.thuthuatphanmem.vn/uploads/2020/04/28/hinh-nen-sieu-moto_025908729.jpg','Chờ duyệt','1'),(16,'abcdefgh','2021-02-28','12345678','12 Han Thuyen, Thuan Thanh, TP Hue','Iste in quis iusto n','asdasd@gmail.com','0711111111',23,2,9,'https://www.extremetech.com/wp-content/uploads/2019/12/SONATA-hero-option1-764A5360-edit-768x425.jpg','Chờ duyệt','1'),(17,'Orlando Powell','1998-04-26','12345678','Consequat Cupiditat','Explicabo Anim et q','asdasd@gmail.com','0711111111',20,3,9,'Aute voluptatem cul','Chờ duyệt','1');
/*!40000 ALTER TABLE `miss` ENABLE KEYS */;
UNLOCK TABLES;

--
-- Table structure for table `nation`
--

DROP TABLE IF EXISTS `nation`;
/*!40101 SET @saved_cs_client     = @@character_set_client */;
/*!50503 SET character_set_client = utf8mb4 */;
CREATE TABLE `nation` (
  `idNation` int NOT NULL AUTO_INCREMENT,
  `nameNation` varchar(45) NOT NULL,
  `status` varchar(1) DEFAULT '0',
  PRIMARY KEY (`idNation`)
) ENGINE=InnoDB AUTO_INCREMENT=15 DEFAULT CHARSET=utf8mb4 COLLATE=utf8mb4_0900_ai_ci;
/*!40101 SET character_set_client = @saved_cs_client */;

--
-- Dumping data for table `nation`
--

LOCK TABLES `nation` WRITE;
/*!40000 ALTER TABLE `nation` DISABLE KEYS */;
INSERT INTO `nation` VALUES (1,'Kinh','0'),(2,'Thái','0'),(3,'Ê Đê','0'),(4,'Mường','0'),(5,'H\' Mông','0'),(6,'Ba ápa','1'),(7,'Thái','0'),(8,'Mường','0'),(9,'Tà Ôi','0'),(10,'Khmer','0'),(11,'Nùng','0'),(12,'Dane Lowery','1'),(13,'Keith Watkins','1'),(14,'Reuben Odonnell','1');
/*!40000 ALTER TABLE `nation` ENABLE KEYS */;
UNLOCK TABLES;

--
-- Table structure for table `posts`
--

DROP TABLE IF EXISTS `posts`;
/*!40101 SET @saved_cs_client     = @@character_set_client */;
/*!50503 SET character_set_client = utf8mb4 */;
CREATE TABLE `posts` (
  `idPosts` int NOT NULL AUTO_INCREMENT,
  `image` longtext NOT NULL,
  `title` varchar(300) NOT NULL,
  `shortContent` varchar(255) NOT NULL,
  `fullContent` longtext NOT NULL,
  `status` varchar(1) DEFAULT '0',
  PRIMARY KEY (`idPosts`)
) ENGINE=InnoDB AUTO_INCREMENT=13 DEFAULT CHARSET=utf8mb4 COLLATE=utf8mb4_0900_ai_ci;
/*!40101 SET character_set_client = @saved_cs_client */;

--
-- Dumping data for table `posts`
--

LOCK TABLES `posts` WRITE;
/*!40000 ALTER TABLE `posts` DISABLE KEYS */;
INSERT INTO `posts` VALUES (1,'<header class=\"entry-header\" style=\"box-sizing: inherit; color: rgb(51, 51, 51); font-family: Arial, Roboto, Merriweather, Georgia, sans-serif; font-size: 14px;\"><h2 class=\"entry-title\" style=\"box-sizing: inherit; font-family: Arial, &quot;roboto condensed&quot;; font-weight: 700; line-height: 1.1; color: inherit; margin: 0px; font-size: 24px; clear: both; text-rendering: optimizelegibility; padding: 10px 0px;\"><a href=\"http://hhvn.com.vn/hoc-cach-phoi-do-chuan-khong-can-chinh-cua-thi-sinh-hhvn-2020/\" rel=\"bookmark\" style=\"box-sizing: inherit; color: rgb(0, 0, 0); outline-style: none; outline-width: initial;\">HỌC CÁCH PHỐI ĐỒ CHUẨN KHÔNG CẦN CHỈNH CỦA THÍ SINH HHVN 2020</a></h2></header><p style=\"box-sizing: inherit; margin-right: 0px; margin-bottom: 10px; margin-left: 0px; color: rgb(51, 51, 51); font-family: Arial, Roboto, Merriweather, Georgia, sans-serif; font-size: 14px;\"></p><div class=\"fb-like\" data-href=\"http://hhvn.com.vn/hoc-cach-phoi-do-chuan-khong-can-chinh-cua-thi-sinh-hhvn-2020/\" data-layout=\"standard\" data-action=\"like\" data-size=\"small\" data-show-faces=\"false\" data-share=\"true\" style=\"box-sizing: inherit; color: rgb(51, 51, 51); font-family: Arial, Roboto, Merriweather, Georgia, sans-serif; font-size: 14px; margin-bottom: 10px;\"></div><div class=\"entry-content\" style=\"box-sizing: inherit; text-align: justify; font-size: 16px; color: rgb(51, 51, 51); font-family: Arial, Roboto, Merriweather, Georgia, sans-serif;\"><p style=\"box-sizing: inherit; margin-right: 0px; margin-bottom: 8px; margin-left: 0px;\"><span style=\"box-sizing: inherit; font-weight: 700;\">Các thí sinh Hoa hậu Việt Nam 2020 không chỉ được đánh giá cao về ngoại hình mà phong cách thời trang cũng gây được ấn tượng mạnh trong lòng công chúng.</span></p><p style=\"box-sizing: inherit; margin-right: 0px; margin-bottom: 8px; margin-left: 0px;\">Các đêm thi nằm trong khuôn khổ hoạt động vòng Chung kết toàn quốc tại Vũng Tàu đang đến gần trong sự nỗ lực tập luyện của top 35 và từng khâu chuẩn bị kỹ lưỡng của BTC HHVN 2020. Đêm trình diễn bên cạnh sự tỏa sáng của 35 thí sinh xuất sắc nhất, còn có sự tham gia của&nbsp; sao Việt đình đám, hứa hẹn sẽ là những đêm trình diễn bùng nổ.&nbsp;</p><p style=\"box-sizing: inherit; margin-right: 0px; margin-bottom: 8px; margin-left: 0px;\">Trong những hành trình từ đầu cuộc thi, các thí sinh đã có cơ hội được thỏa sức làm “stylist” cho chính mình với Thương hiệu Thời trang Missguided và Trang sức Lovisa. Với sự đồng hành và hỗ trợ đặc biệt này, các người đẹp đã có thể hoàn toàn tự tin khoe sắc không chỉ trên sân khấu sắp tới mà còn cả những hoạt động thường ngày, thu hút mọi ánh nhìn từ công chúng.</p><figure class=\"wp-block-image size-large\" style=\"box-sizing: inherit; margin-bottom: 1em; width: 769.99px;\"><img loading=\"lazy\" width=\"682\" height=\"1024\" src=\"http://hhvn.com.vn/wp-content/uploads/2020/11/VUX_3474-682x1024.jpg\" alt=\"\" class=\"wp-image-8685\" srcset=\"http://hhvn.com.vn/wp-content/uploads/2020/11/VUX_3474-682x1024.jpg 682w, http://hhvn.com.vn/wp-content/uploads/2020/11/VUX_3474-166x250.jpg 166w, http://hhvn.com.vn/wp-content/uploads/2020/11/VUX_3474-1022x1536.jpg 1022w, http://hhvn.com.vn/wp-content/uploads/2020/11/VUX_3474-1363x2048.jpg 1363w, http://hhvn.com.vn/wp-content/uploads/2020/11/VUX_3474-1200x1803.jpg 1200w, http://hhvn.com.vn/wp-content/uploads/2020/11/VUX_3474-scaled.jpg 1704w\" sizes=\"(max-width: 709px) 85vw, (max-width: 909px) 67vw, (max-width: 984px) 61vw, (max-width: 1362px) 45vw, 600px\" style=\"box-sizing: inherit; border: 0px; height: auto; max-width: 100%; margin-bottom: 15px; margin-top: 25px; width: 769.99px;\"><figcaption style=\"box-sizing: inherit; margin-top: 0.5em; margin-bottom: 1em;\"><em style=\"box-sizing: inherit;\">Phong cách thời trang ấn tượng là một trong những điểm nổi bật của dàn thí sinh năm nay</em><br style=\"box-sizing: inherit;\"></figcaption></figure><p style=\"box-sizing: inherit; margin-right: 0px; margin-bottom: 8px; margin-left: 0px;\">Bên cạnh việc lúc nào cũng phải xuất hiện thật đẹp và chỉnh chu, thì còn một yếu tố đặc biệt khác giúp các thí sinh thêm phần tỏa sáng, đó chính là trang sức Lovisa. Đây là thương hiệu đến từ Úc với phong cách vô cùng đa dạng, dẫn đầu xu hướng thời trang với những mẫu mã mới lạ, độc đáo và ấn tượng.</p><figure class=\"wp-block-image size-large\" style=\"box-sizing: inherit; margin-bottom: 1em; width: 769.99px;\"><img loading=\"lazy\" width=\"1024\" height=\"576\" src=\"http://hhvn.com.vn/wp-content/uploads/2020/11/34198C87-D749-4AD1-8D26-3FE5F0736909-1024x576.jpeg\" alt=\"\" class=\"wp-image-8686\" srcset=\"http://hhvn.com.vn/wp-content/uploads/2020/11/34198C87-D749-4AD1-8D26-3FE5F0736909-1024x576.jpeg 1024w, http://hhvn.com.vn/wp-content/uploads/2020/11/34198C87-D749-4AD1-8D26-3FE5F0736909-350x197.jpeg 350w, http://hhvn.com.vn/wp-content/uploads/2020/11/34198C87-D749-4AD1-8D26-3FE5F0736909-1536x864.jpeg 1536w, http://hhvn.com.vn/wp-content/uploads/2020/11/34198C87-D749-4AD1-8D26-3FE5F0736909-2048x1152.jpeg 2048w, http://hhvn.com.vn/wp-content/uploads/2020/11/34198C87-D749-4AD1-8D26-3FE5F0736909-1200x675.jpeg 1200w\" sizes=\"(max-width: 709px) 85vw, (max-width: 909px) 67vw, (max-width: 1362px) 62vw, 840px\" style=\"box-sizing: inherit; border: 0px; height: auto; max-width: 100%; margin-bottom: 15px; margin-top: 25px; width: 769.99px;\"><figcaption style=\"box-sizing: inherit; margin-top: 0.5em; margin-bottom: 1em;\"><em style=\"box-sizing: inherit;\">Các thí sinh tỏa sáng trong các phần thi Bikini với Trang sức Lovisa</em><br style=\"box-sizing: inherit;\"></figcaption></figure><p style=\"box-sizing: inherit; margin-right: 0px; margin-bottom: 8px; margin-left: 0px;\">Các thí sinh của Hoa hậu Việt Nam 2020 với vẻ ngoài rất riêng và nổi bật, hoàn toàn tỏa sáng cùng với sự hỗ trợ của trang sức Lovisa và Thương hiệu thời trang Missguided. Đồng hành cùng&nbsp; thi năm nay, Lovisa mang đến những mẫu trang sức với thiết kế tinh tế, cá tính đã tôn vinh nét đẹp của các thí sinh, giúp họ càng thêm tỏa sáng trên hành trình chạm đến vương miện Hoa hậu. Cùng với đó, Thương hiệu Missguided cũng mang đến cho các cô gái những sản phẩm thời thượng và sang trọng nhất, giúp các thí sinh luôn tỏa sáng với những phần thi của mình.</p><figure class=\"wp-block-image size-large\" style=\"box-sizing: inherit; margin-bottom: 1em; width: 769.99px;\"><img loading=\"lazy\" width=\"1024\" height=\"576\" src=\"http://hhvn.com.vn/wp-content/uploads/2020/11/A4C66B33-73E9-47F4-8793-E0D77E3195BD-1024x576.jpeg\" alt=\"\" class=\"wp-image-8687\" srcset=\"http://hhvn.com.vn/wp-content/uploads/2020/11/A4C66B33-73E9-47F4-8793-E0D77E3195BD-1024x576.jpeg 1024w, http://hhvn.com.vn/wp-content/uploads/2020/11/A4C66B33-73E9-47F4-8793-E0D77E3195BD-350x197.jpeg 350w, http://hhvn.com.vn/wp-content/uploads/2020/11/A4C66B33-73E9-47F4-8793-E0D77E3195BD-1536x864.jpeg 1536w, http://hhvn.com.vn/wp-content/uploads/2020/11/A4C66B33-73E9-47F4-8793-E0D77E3195BD-2048x1152.jpeg 2048w, http://hhvn.com.vn/wp-content/uploads/2020/11/A4C66B33-73E9-47F4-8793-E0D77E3195BD-1200x675.jpeg 1200w\" sizes=\"(max-width: 709px) 85vw, (max-width: 909px) 67vw, (max-width: 1362px) 62vw, 840px\" style=\"box-sizing: inherit; border: 0px; height: auto; max-width: 100%; margin-bottom: 15px; margin-top: 25px; width: 769.99px;\"><figcaption style=\"box-sizing: inherit; margin-top: 0.5em; margin-bottom: 1em;\"><em style=\"box-sizing: inherit;\">Các thí sinh thời trang, cá tính hơn hẳn với Trang sức của Lovisa</em></figcaption></figure><p style=\"box-sizing: inherit; margin-right: 0px; margin-bottom: 8px; margin-left: 0px;\">Nhìn lại những phần thể hiện tuyệt vời của các thí sinh năm nay, có thể thấy sự nỗ lực và cố gắng không ngừng nghỉ trên hành trình chinh phục vương miện danh giá, Thương hiệu thời trang Missguided và Trang sức Lovisa cũng góp phần không nhỏ khiến các cô gái tự tin hơn so với những ngày đầu tham dự cuộc thi.</p><p style=\"box-sizing: inherit; margin-right: 0px; margin-bottom: 8px; margin-left: 0px;\">Tiếp theo đây, top 35 gương mặt triển vọng sẽ có cơ hội sải bước thi đấu và trải nghiệm nhiều hoạt động thú vị mà BTC dành cho. Đấu trường nhan sắc danh giá HHVN 2020 như là mốc son chói lọi trên quãng đời thanh xuân tươi đẹp của các cô gái. Cùng chờ đón những màn trình diễn ấn tượng từ các thí sinh với sự đồng hành của Thương hiệu thời trang Missguided và Trang sức Lovisa nhé!</p></div>','http://hhvn.com.vn/wp-content/uploads/2020/11/A4C66B33-73E9-47F4-8793-E0D77E3195BD-1-1200x675.jpeg','HỌC CÁCH PHỐI ĐỒ CHUẨN KHÔNG CẦN CHỈNH CỦA THÍ SINH HHVN 2020','Các thí sinh Hoa hậu Việt Nam 2020 không chỉ được đánh giá cao về ngoại hình mà phong cách thời trang...','1'),(2,'<header class=\"entry-header\" style=\"box-sizing: inherit; color: rgb(51, 51, 51); font-family: Arial, Roboto, Merriweather, Georgia, sans-serif; font-size: 14px;\"><h2 class=\"entry-title\" style=\"box-sizing: inherit; font-family: Arial, &quot;roboto condensed&quot;; font-weight: 700; line-height: 1.1; color: inherit; margin: 0px; font-size: 24px; clear: both; text-rendering: optimizelegibility; padding: 10px 0px;\"><a href=\"http://hhvn.com.vn/he-lo-nhung-ung-cu-vien-nang-ky-nhieu-kinh-nghiem-tai-cac-dau-truong-sac-dep/\" rel=\"bookmark\" style=\"box-sizing: inherit; color: rgb(0, 0, 0); outline-style: none; outline-width: initial;\">Hé lộ những ứng cử viên “nặng ký”, nhiều kinh nghiệm tại các đấu trường sắc đẹp</a></h2></header><p style=\"box-sizing: inherit; margin-right: 0px; margin-bottom: 10px; margin-left: 0px; color: rgb(51, 51, 51); font-family: Arial, Roboto, Merriweather, Georgia, sans-serif; font-size: 14px;\"></p><div class=\"fb-like\" data-href=\"http://hhvn.com.vn/he-lo-nhung-ung-cu-vien-nang-ky-nhieu-kinh-nghiem-tai-cac-dau-truong-sac-dep/\" data-layout=\"standard\" data-action=\"like\" data-size=\"small\" data-show-faces=\"false\" data-share=\"true\" style=\"box-sizing: inherit; color: rgb(51, 51, 51); font-family: Arial, Roboto, Merriweather, Georgia, sans-serif; font-size: 14px; margin-bottom: 10px;\"></div><div class=\"entry-content\" style=\"box-sizing: inherit; text-align: justify; font-size: 16px; color: rgb(51, 51, 51); font-family: Arial, Roboto, Merriweather, Georgia, sans-serif;\"><p style=\"box-sizing: inherit; margin-right: 0px; margin-bottom: 8px; margin-left: 0px;\"><span style=\"box-sizing: inherit; font-weight: 700;\"><em style=\"box-sizing: inherit;\">Hoa hậu Việt Nam 2020 ngày càng “nóng” hơn khi thu hút nhiều hồ sơ từ các gương mặt quen thuộc, từng là thí sinh tại các cuộc thi nhan sắc quốc gia.</em></span></p><p style=\"box-sizing: inherit; margin-right: 0px; margin-bottom: 8px; margin-left: 0px;\"><em style=\"box-sizing: inherit;\">&nbsp;</em></p><p style=\"box-sizing: inherit; margin-right: 0px; margin-bottom: 8px; margin-left: 0px;\">Hai tháng sau họp báo khởi động, cuộc thi Hoa hậu Việt Nam 2020 đã nhận về không ít hồ sơ đến từ khắp mọi miền đất nước. Chưa đầy 2 tuần nữa, vòng tuyển sinh khu vực phía Nam sẽ chính thức khép lại và những hồ sơ nổi bật đã bắt đầu lộ diện. Đa số các thí sinh ứng tuyển đều là những cô gái xinh đẹp, tài năng và sở hữu nhiều thành tích đáng ngưỡng mộ. Bên cạnh đó, khán giả cũng vô cùng bất ngờ khi gặp lại những cái tên quen thuộc từng tham gia vào các “đấu trường” sắc đẹp khác trước đây.</p><p style=\"box-sizing: inherit; margin-right: 0px; margin-bottom: 8px; margin-left: 0px;\">&nbsp;</p><p style=\"box-sizing: inherit; margin-right: 0px; margin-bottom: 8px; margin-left: 0px;\"><span style=\"box-sizing: inherit; font-weight: 700;\">NGUYỄN THỊ BÍCH THÙY</span>&nbsp;–&nbsp;Đắk Lắk</p><p style=\"box-sizing: inherit; margin-right: 0px; margin-bottom: 8px; margin-left: 0px;\"><img loading=\"lazy\" class=\"alignnone size-large wp-image-8346\" src=\"http://hhvn.com.vn/wp-content/uploads/2020/07/NGUY%E1%BB%84N-TH%E1%BB%8A-B%C3%8DCH-TH%C3%99Y-27.2.2K1-%C4%90%C4%82K-L%C4%82K-2-683x1024.jpg\" alt=\"\" width=\"683\" height=\"1024\" srcset=\"http://hhvn.com.vn/wp-content/uploads/2020/07/NGUYỄN-THỊ-BÍCH-THÙY-27.2.2K1-ĐĂK-LĂK-2-683x1024.jpg 683w, http://hhvn.com.vn/wp-content/uploads/2020/07/NGUYỄN-THỊ-BÍCH-THÙY-27.2.2K1-ĐĂK-LĂK-2-167x250.jpg 167w, http://hhvn.com.vn/wp-content/uploads/2020/07/NGUYỄN-THỊ-BÍCH-THÙY-27.2.2K1-ĐĂK-LĂK-2-1200x1800.jpg 1200w\" sizes=\"(max-width: 709px) 85vw, (max-width: 909px) 67vw, (max-width: 984px) 61vw, (max-width: 1362px) 45vw, 600px\" style=\"box-sizing: inherit; border: 0px; height: auto; max-width: 100%; margin-bottom: 15px; margin-top: 25px; width: 769.99px;\"></p><p style=\"box-sizing: inherit; margin-right: 0px; margin-bottom: 8px; margin-left: 0px;\">Người đẹp áo dài Nguyễn Thị Bích Thuỳ chắc hẳn không còn là cái tên xa lạ trong cộng đồng nhan sắc cũng như làng mẫu Việt. Cô từng được nhiều người kỳ vọng sẽ trở thành chủ nhân của chiếc vương miện Miss World Vietnam 2019, tuy nhiên lại gây tiếc nuối khi chỉ dừng chân ở Top 10 chung kết. Ghi điểm với lòng trắc ẩn khi thực hiện dự án nhân ái, Bích Thuỳ xuất sắc lọt vào Top 5 phần thi Người đẹp nhân ái. Bên cạnh đó, người đẹp sinh năm 2000 còn thường xuyên xuất hiện trên các sàn diễn thời trang lớn nhỏ dưới vai trò người mẫu. Với kinh nghiệm và kỹ năng của mình, Bích Thuỳ chắc hẳn sẽ khiến nhiều thí sinh khác phải “dè chừng”.</p><p style=\"box-sizing: inherit; margin-right: 0px; margin-bottom: 8px; margin-left: 0px;\">&nbsp;</p><p style=\"box-sizing: inherit; margin-right: 0px; margin-bottom: 8px; margin-left: 0px;\"><span style=\"box-sizing: inherit; font-weight: 700;\">NÔNG THÚY HẰNG</span>&nbsp;– Hà Giang</p><p style=\"box-sizing: inherit; margin-right: 0px; margin-bottom: 8px; margin-left: 0px;\"><img loading=\"lazy\" class=\"alignnone size-large wp-image-8347\" src=\"http://hhvn.com.vn/wp-content/uploads/2020/07/N%C3%94NG-TH%C3%9AY-H%E1%BA%B0NG-24.7.99-H%C3%80-GIANG-2-683x1024.jpg\" alt=\"\" width=\"683\" height=\"1024\" srcset=\"http://hhvn.com.vn/wp-content/uploads/2020/07/NÔNG-THÚY-HẰNG-24.7.99-HÀ-GIANG-2-683x1024.jpg 683w, http://hhvn.com.vn/wp-content/uploads/2020/07/NÔNG-THÚY-HẰNG-24.7.99-HÀ-GIANG-2-167x250.jpg 167w, http://hhvn.com.vn/wp-content/uploads/2020/07/NÔNG-THÚY-HẰNG-24.7.99-HÀ-GIANG-2-1200x1800.jpg 1200w\" sizes=\"(max-width: 709px) 85vw, (max-width: 909px) 67vw, (max-width: 984px) 61vw, (max-width: 1362px) 45vw, 600px\" style=\"box-sizing: inherit; border: 0px; height: auto; max-width: 100%; margin-bottom: 15px; margin-top: 25px; width: 769.99px;\"></p><p style=\"box-sizing: inherit; margin-right: 0px; margin-bottom: 8px; margin-left: 0px;\">Nông Thuý Hằng – cô gái người Tày từng ghi dấu ấn tại nhiều cuộc thi nhan sắc nhờ vẻ đẹp cuốn hút của mình. Người đẹp sinh năm 1999 từng đạt thành tích Top 39 và Top 8 phần thi Head to Head Challenge tại Miss World Vietnam 2019. Sau gần 1 năm nghỉ ngơi, cô nàng hoàn toàn “lột xác” với hình ảnh mới đầy quyến rũ để chinh phục vương miện Hoa hậu Việt Nam 2020. Hiện Thuý Hằng là đang là sinh viên Trường Đại học Kinh tế quốc dân Hà Nội. Trước đó cô từng có thành tích học tập rất tốt, đạt học sinh giỏi xuyên suốt 12 năm phổ thông, đạt giải Ba trong kỳ thi học sinh giỏi Văn Quốc gia và được tuyển thẳng vào đại học. Bên cạnh đó người đẹp còn từng dự thi sinh viên thanh lịch ở trường và thử sức ở lĩnh vực MC.</p><p style=\"box-sizing: inherit; margin-right: 0px; margin-bottom: 8px; margin-left: 0px;\">&nbsp;</p><p style=\"box-sizing: inherit; margin-right: 0px; margin-bottom: 8px; margin-left: 0px;\"><span style=\"box-sizing: inherit; font-weight: 700;\">KIM TRÀ MY</span>&nbsp;– Hà Nội</p><p style=\"box-sizing: inherit; margin-right: 0px; margin-bottom: 8px; margin-left: 0px;\"><img loading=\"lazy\" class=\"alignnone size-large wp-image-8348\" src=\"http://hhvn.com.vn/wp-content/uploads/2020/07/KIM-TR%C3%80-MY-11.9.2000-H%C3%80-N%E1%BB%98I-4-693x1024.jpeg\" alt=\"\" width=\"693\" height=\"1024\" srcset=\"http://hhvn.com.vn/wp-content/uploads/2020/07/KIM-TRÀ-MY-11.9.2000-HÀ-NỘI-4-693x1024.jpeg 693w, http://hhvn.com.vn/wp-content/uploads/2020/07/KIM-TRÀ-MY-11.9.2000-HÀ-NỘI-4-169x250.jpeg 169w, http://hhvn.com.vn/wp-content/uploads/2020/07/KIM-TRÀ-MY-11.9.2000-HÀ-NỘI-4-1200x1774.jpeg 1200w, http://hhvn.com.vn/wp-content/uploads/2020/07/KIM-TRÀ-MY-11.9.2000-HÀ-NỘI-4.jpeg 1241w\" sizes=\"(max-width: 709px) 85vw, (max-width: 909px) 67vw, (max-width: 984px) 61vw, (max-width: 1362px) 45vw, 600px\" style=\"box-sizing: inherit; border: 0px; height: auto; max-width: 100%; margin-bottom: 15px; margin-top: 25px; width: 769.99px;\"></p><p style=\"box-sizing: inherit; margin-right: 0px; margin-bottom: 8px; margin-left: 0px;\">Kim Trà My – một trong những gương mặt đến từ Hà Nội cũng từng là cựu thí sinh của Miss World Vietnam 2019. Tại cuộc thi này, cô đã để lại dấu ấn mạnh mẽ khi được bình chọn vào Top 3 Người đẹp được yêu thích nhất. Chỉ dừng lại ở Top 39 chung cuộc, người đẹp một lần nữa quyết tâm “phục thù” khi đăng ký tham gia Hoa hậu Việt Nam 2020. Dù mới sinh năm 2000 nhưng Trà My cũng được dự đoán sẽ là một ứng cử viên “nặng ký” bởi kinh nghiệm của mình tại cuộc thi nhan sắc trước đây. Hiện tại cô đang theo học tại Đại học Công Đoàn. Qua chia sẻ, Trà My cho biết cô đã quyết tâm chinh phục cuộc thi lần này, suốt 3 tháng qua, cô nàng đã “cắt” cơm để ăn kiêng giữ dáng.</p><p style=\"box-sizing: inherit; margin-right: 0px; margin-bottom: 8px; margin-left: 0px;\">&nbsp;</p><p style=\"box-sizing: inherit; margin-right: 0px; margin-bottom: 8px; margin-left: 0px;\"><span style=\"box-sizing: inherit; font-weight: 700;\">PHẠM THỊ MINH PHƯƠNG</span>&nbsp;– Thái Nguyên</p><p style=\"box-sizing: inherit; margin-right: 0px; margin-bottom: 8px; margin-left: 0px;\"><img loading=\"lazy\" class=\"alignnone size-large wp-image-8349\" src=\"http://hhvn.com.vn/wp-content/uploads/2020/07/PH%E1%BA%A0M-TH%E1%BB%8A-MINH-PH%C6%AF%C6%A0NG-11.10.2000-NGH%E1%BB%86-AN-1-682x1024.jpg\" alt=\"\" width=\"682\" height=\"1024\" srcset=\"http://hhvn.com.vn/wp-content/uploads/2020/07/PHẠM-THỊ-MINH-PHƯƠNG-11.10.2000-NGHỆ-AN-1-682x1024.jpg 682w, http://hhvn.com.vn/wp-content/uploads/2020/07/PHẠM-THỊ-MINH-PHƯƠNG-11.10.2000-NGHỆ-AN-1-167x250.jpg 167w, http://hhvn.com.vn/wp-content/uploads/2020/07/PHẠM-THỊ-MINH-PHƯƠNG-11.10.2000-NGHỆ-AN-1-1200x1801.jpg 1200w, http://hhvn.com.vn/wp-content/uploads/2020/07/PHẠM-THỊ-MINH-PHƯƠNG-11.10.2000-NGHỆ-AN-1.jpg 1706w\" sizes=\"(max-width: 709px) 85vw, (max-width: 909px) 67vw, (max-width: 984px) 61vw, (max-width: 1362px) 45vw, 600px\" style=\"box-sizing: inherit; border: 0px; height: auto; max-width: 100%; margin-bottom: 15px; margin-top: 25px; width: 769.99px;\"></p><p style=\"box-sizing: inherit; margin-right: 0px; margin-bottom: 8px; margin-left: 0px;\">Một trong những gương mặt đang “làm mưa làm gió” trong cộng đồng nhan sắc những ngày qua không ai khác chính là Phạm Thị Minh Phương Top 60 Miss Universe Vietnam 2019. Người đẹp sinh năm 2000 đến từ Nghệ An và hiện đang theo học chuyên ngành thiết kế đồ họa của trường Cao đẳng Văn hóa Nghệ thuật Việt Bắc. Cô nàng gây ấn tượng khi sở hữu ngoại hình nổi trội với chiều cao 1m73 và số đo hình thể chuẩn. Không những thế, cô còn có nhiều kinh nghiệm làm người mẫu ảnh và biểu diễn tại các show thời trang lớn nhỏ. Đó cũng là lý do mà Minh Phương được nhiều người hy vọng sẽ làm nên chuyện tại Hoa hậu Việt Nam năm nay.</p><p style=\"box-sizing: inherit; margin-right: 0px; margin-bottom: 8px; margin-left: 0px;\">Hoa hậu Việt Nam là cuộc thi uy tín hàng đầu cả nước, luôn thu hút sự quan tâm của đông đảo khán giả bởi quy mô tổ chức cũng như chất lượng thí sinh hàng năm. Bên cạnh đó, cuộc thi còn quy tụ dàn Hoa hậu đình đám như Đỗ Mỹ Linh, Trần Tiểu Vy, Lương Thuỳ Linh xuyên suốt hành trình. Với những hé lộ về các đêm thi chính cũng như các phần thi phụ, Hoa hậu Việt Nam 2020 hứa hẹn sẽ đem đến nhiều điều bất ngờ cho khán giả yêu mến cuộc thi.</p></div>','http://hhvn.com.vn/wp-content/uploads/2020/07/1-1200x465.jpg','Hé lộ những ứng cử viên “nặng ký”, nhiều kinh nghiệm tại các đấu trường sắc đẹp','Hoa hậu Việt Nam 2020 ngày càng “nóng” hơn khi thu hút nhiều hồ sơ từ các gương mặt quen thuộc...','1'),(3,'http://hhvn.com.vn/wp-content/uploads/2020/11/3-1200x801.jpg',' DANH TÍNH “CHAI ĐẸP” KHIẾN BAO NÀNG THÍ SINH HHVN 2020 !','Hễ “chai đẹp” xuất hiện bên cạnh là các người đẹp trở nên tươi tắn, rạng rỡ lại ngay, cho dù lịch trình có căng thẳng và dày đặc đến đâu. ','<header class=\"entry-header\" style=\"box-sizing: inherit; color: rgb(51, 51, 51); font-family: Arial, Roboto, Merriweather, Georgia, sans-serif; font-size: 14px;\"><h2 class=\"entry-title\" style=\"box-sizing: inherit; font-family: Arial, \" roboto=\"\" condensed\";=\"\" font-weight:=\"\" 700;=\"\" line-height:=\"\" 1.1;=\"\" color:=\"\" inherit;=\"\" margin:=\"\" 0px;=\"\" font-size:=\"\" 24px;=\"\" clear:=\"\" both;=\"\" text-rendering:=\"\" optimizelegibility;=\"\" padding:=\"\" 10px=\"\" 0px;\"=\"\"><span style=\"font-size: 16px; text-align: justify;\">Hễ “chai đẹp” xuất hiện bên cạnh là các người đẹp trở nên tươi tắn, rạng rỡ lại ngay, cho dù lịch trình có căng thẳng và dày đặc đến đâu. Đó là lời chia sẻ của các nàng thí sinh HHVN 2020. </span></h2></header><div class=\"entry-content\" style=\"box-sizing: inherit; text-align: justify; font-size: 16px; color: rgb(51, 51, 51); font-family: Arial, Roboto, Merriweather, Georgia, sans-serif;\"><p style=\"box-sizing: inherit; margin-right: 0px; margin-bottom: 8px; margin-left: 0px;\">Trong suốt chặng đường tiến đến vương miện, dù là lúc luyện tập, tham gia các hoạt động ngoài trời hay lúc nghỉ ngơi, các thí sinh Hoa Hậu Việt Nam luôn được “chai đẹp” chăm sóc từ sức khoẻ cho đến vẻ tươi xinh.   </p><p style=\"box-sizing: inherit; margin-right: 0px; margin-bottom: 8px; margin-left: 0px;\">Tay trong tay, các nàng lúc nào cũng cùng “chai đẹp” rạng rỡ trong mọi khung hình. Thậm chí, các nàng còn dùng cả “chai đẹp” để “ấp” lên má để lấy lại vẻ tươi tắn tức thì.</p><p style=\"box-sizing: inherit; margin-right: 0px; margin-bottom: 8px; margin-left: 0px;\">Và danh tính “chai đẹp” ấy chính là VIVANT – Nước chứa khoáng thiên nhiên.</p><figure class=\"wp-block-image size-large is-style-default\" style=\"box-sizing: inherit; margin-bottom: 1em; width: 769.99px;\"><img loading=\"lazy\" width=\"1024\" height=\"684\" src=\"http://hhvn.com.vn/wp-content/uploads/2020/11/1-1024x684.jpg\" alt=\"\" class=\"wp-image-8734\" srcset=\"http://hhvn.com.vn/wp-content/uploads/2020/11/1-1024x684.jpg 1024w, http://hhvn.com.vn/wp-content/uploads/2020/11/1-350x234.jpg 350w, http://hhvn.com.vn/wp-content/uploads/2020/11/1-1536x1025.jpg 1536w, http://hhvn.com.vn/wp-content/uploads/2020/11/1-2048x1367.jpg 2048w, http://hhvn.com.vn/wp-content/uploads/2020/11/1-1200x801.jpg 1200w, http://hhvn.com.vn/wp-content/uploads/2020/11/1-370x246.jpg 370w\" sizes=\"(max-width: 709px) 85vw, (max-width: 909px) 67vw, (max-width: 1362px) 62vw, 840px\" style=\"box-sizing: inherit; border: 0px; height: auto; max-width: 100%; margin-bottom: 15px; margin-top: 25px; width: 769.99px;\"><figcaption style=\"box-sizing: inherit; margin-top: 0.5em; margin-bottom: 1em;\"><em style=\"box-sizing: inherit;\">Chỉ cần “chai đẹp” Vivant xuất hiện là các nàng tươi rói ngay</em></figcaption></figure><p style=\"box-sizing: inherit; margin-right: 0px; margin-bottom: 8px; margin-left: 0px;\"></p><p style=\"box-sizing: inherit; margin-right: 0px; margin-bottom: 8px; margin-left: 0px;\">Với thành phần chứa nhiều khoáng quý thiên nhiên, các nàng hậu vô cùng yêu thích Vivant và dùng suốt cả ngày dài tập luyện, để bồi bổ cơ thể luôn khỏe mạnh.</p><figure class=\"wp-block-image size-large\" style=\"box-sizing: inherit; margin-bottom: 1em; width: 769.99px;\"><img loading=\"lazy\" width=\"1024\" height=\"683\" src=\"http://hhvn.com.vn/wp-content/uploads/2020/11/2-1024x683.jpg\" alt=\"\" class=\"wp-image-8735\" srcset=\"http://hhvn.com.vn/wp-content/uploads/2020/11/2-1024x683.jpg 1024w, http://hhvn.com.vn/wp-content/uploads/2020/11/2-350x233.jpg 350w, http://hhvn.com.vn/wp-content/uploads/2020/11/2-1536x1024.jpg 1536w, http://hhvn.com.vn/wp-content/uploads/2020/11/2-2048x1365.jpg 2048w, http://hhvn.com.vn/wp-content/uploads/2020/11/2-1200x800.jpg 1200w, http://hhvn.com.vn/wp-content/uploads/2020/11/2-370x246.jpg 370w\" sizes=\"(max-width: 709px) 85vw, (max-width: 909px) 67vw, (max-width: 1362px) 62vw, 840px\" style=\"box-sizing: inherit; border: 0px; height: auto; max-width: 100%; margin-bottom: 15px; margin-top: 25px; width: 769.99px;\"><figcaption style=\"box-sizing: inherit; margin-top: 0.5em; margin-bottom: 1em;\"><em style=\"box-sizing: inherit;\">Vivant giúp bồi bổ cơ thể với thành phần khoáng quý thiên nhiên</em></figcaption></figure><p style=\"box-sizing: inherit; margin-right: 0px; margin-bottom: 8px; margin-left: 0px;\"></p><p style=\"box-sizing: inherit; margin-right: 0px; margin-bottom: 8px; margin-left: 0px;\">Đặc biệt, nước chứa khoáng thiên nhiên Vivant còn tốt đến nỗi ấp lên da mặt như một kiểu xịt khoáng, giúp cho các nàng thí sinh giữ vẻ rạng rỡ, tươi tắn bên ngoài cho dù lịch trình có dày đặc và căng thẳng.</p><figure class=\"wp-block-image size-large\" style=\"box-sizing: inherit; margin-bottom: 1em; width: 769.99px;\"><img loading=\"lazy\" width=\"1024\" height=\"684\" src=\"http://hhvn.com.vn/wp-content/uploads/2020/11/3-1024x684.jpg\" alt=\"\" class=\"wp-image-8736\" srcset=\"http://hhvn.com.vn/wp-content/uploads/2020/11/3-1024x684.jpg 1024w, http://hhvn.com.vn/wp-content/uploads/2020/11/3-350x234.jpg 350w, http://hhvn.com.vn/wp-content/uploads/2020/11/3-1536x1025.jpg 1536w, http://hhvn.com.vn/wp-content/uploads/2020/11/3-2048x1367.jpg 2048w, http://hhvn.com.vn/wp-content/uploads/2020/11/3-1200x801.jpg 1200w, http://hhvn.com.vn/wp-content/uploads/2020/11/3-370x246.jpg 370w\" sizes=\"(max-width: 709px) 85vw, (max-width: 909px) 67vw, (max-width: 1362px) 62vw, 840px\" style=\"box-sizing: inherit; border: 0px; height: auto; max-width: 100%; margin-bottom: 15px; margin-top: 25px; width: 769.99px;\"><figcaption style=\"box-sizing: inherit; margin-top: 0.5em; margin-bottom: 1em;\"><em style=\"box-sizing: inherit;\">Các thí sinh Hoa hậu Việt Nam 2020 rạng rỡ nhờ nước uống thiên nhiên Vivant</em></figcaption></figure><p style=\"box-sizing: inherit; margin-right: 0px; margin-bottom: 8px; margin-left: 0px;\"></p><p style=\"box-sizing: inherit; margin-right: 0px; margin-bottom: 8px; margin-left: 0px;\">Vừa bồi bổ bên trong vừa tươi tắn bên ngoài, “chai đẹp” Vivant đã khiến các nàng thí sinh HHVN “đổ đứ đừ” ngay từ ánh nhìn đầu tiên</p><figure class=\"wp-block-image size-large\" style=\"box-sizing: inherit; margin-bottom: 1em; width: 769.99px;\"><img loading=\"lazy\" width=\"682\" height=\"1024\" src=\"http://hhvn.com.vn/wp-content/uploads/2020/11/4-682x1024.png\" alt=\"\" class=\"wp-image-8737\" srcset=\"http://hhvn.com.vn/wp-content/uploads/2020/11/4-682x1024.png 682w, http://hhvn.com.vn/wp-content/uploads/2020/11/4-166x250.png 166w, http://hhvn.com.vn/wp-content/uploads/2020/11/4.png 899w\" sizes=\"(max-width: 709px) 85vw, (max-width: 909px) 67vw, (max-width: 984px) 61vw, (max-width: 1362px) 45vw, 600px\" style=\"box-sizing: inherit; border: 0px; height: auto; max-width: 100%; margin-bottom: 15px; margin-top: 25px; width: 769.99px;\"><figcaption style=\"box-sizing: inherit; margin-top: 0.5em; margin-bottom: 1em;\"><em style=\"box-sizing: inherit;\">Vivant – Nhà tài trợ nước khoáng chính thức của cuộc thi Hoa hậu Việt Nam 2020</em></figcaption></figure><p style=\"box-sizing: inherit; margin-right: 0px; margin-bottom: 8px; margin-left: 0px;\"></p><p style=\"box-sizing: inherit; margin-right: 0px; margin-bottom: 8px; margin-left: 0px;\">Vivant tự hào sở hữu các nguồn khoáng danh tiếng Vĩnh Hảo, Quang Hanh.</p><p style=\"box-sizing: inherit; margin-right: 0px; margin-bottom: 8px; margin-left: 0px;\">Cùng Vivant tiếp tục theo dõi và ủng hộ các người đẹp trong chặng đường tiến đến chiếc vương miện Hoa hậu Việt Nam 2020 nhé! </p></div>','0'),(4,'http://hhvn.com.vn/wp-content/uploads/2019/10/Thumb-TS.png','Á hậu Tường San khoe body mướt mắt với bikini bốc lửa trước thềm chinh chiến Miss International 2019','Thời gian qua, thông tin Á hậu Tường San chính thức trở thành đại diện Việt Nam tại cuộc thi Hoa hậu Quốc Tế – Miss International 2019','<header class=\"entry-header\" style=\"box-sizing: inherit; color: rgb(51, 51, 51); font-family: Arial, Roboto, Merriweather, Georgia, sans-serif; font-size: 14px;\"><h2 class=\"entry-title\" style=\"box-sizing: inherit; font-family: Arial, \" roboto=\"\" condensed\";=\"\" font-weight:=\"\" 700;=\"\" line-height:=\"\" 1.1;=\"\" color:=\"\" inherit;=\"\" margin:=\"\" 0px;=\"\" font-size:=\"\" 24px;=\"\" clear:=\"\" both;=\"\" text-rendering:=\"\" optimizelegibility;=\"\" padding:=\"\" 10px=\"\" 0px;\"=\"\"><span style=\"font-size: 16px; text-align: justify;\">Thời gian qua, thông tin&nbsp;Á hậu Tường San&nbsp;chính thức trở thành đại diện Việt Nam tại cuộc thi Hoa hậu Quốc Tế – Miss International 2019 đã nhận rất nhiều sự ủng hộ của khán giả trong nước và quốc tế. Để chuẩn bị cho lần chinh chiến tại cuộc thi sắc đẹp quốc tế này, Á hậu Tường San đã thực hiện bộ ảnh bikini khoe trọn body gợi cảm, với số đo ba vòng đạt chuẩn 82 – 62 – 95. Để có một thân hình hoàn chỉnh như hiện nay, Tường San cho biết cô đã miệt mài luyện tập thể hình cũng như những kĩ năng trình diễn trong một khoảng thời gian ngắn cùng chế độ ăn uống hợp lý.</span></h2></header><div class=\"entry-content\" style=\"box-sizing: inherit; text-align: justify; font-size: 16px; color: rgb(51, 51, 51); font-family: Arial, Roboto, Merriweather, Georgia, sans-serif;\"><p style=\"box-sizing: inherit; margin-right: 0px; margin-bottom: 8px; margin-left: 0px;\">Với lợi thế về hình thể như gương mặt xinh đẹp nổi bật, ngoại hình chuẩn, vốn tiếng Anh lưu loát, Tường San được đánh giá là một trong những đối thủ mạnh tại cuộc thi Hoa hậu Quốc tế.</p><div class=\"VCSortableInPreviewMode noCaption big-image-detail\" style=\"box-sizing: inherit;\"><div style=\"box-sizing: inherit;\"><a class=\"detail-img-lightbox\" title=\"\" href=\"https://kenh14cdn.com/2019/10/7/a-hau-tuong-san-15704438713351947163569.jpg\" target=\"_blank\" rel=\"noopener\" data-fancybox-group=\"img-lightbox\" style=\"box-sizing: inherit; color: rgb(0, 122, 204); outline-style: none; outline-width: initial;\"><img loading=\"lazy\" id=\"img_baa80450-e8ec-11e9-ae7c-114976142e35\" class=\"lightbox-content\" title=\"Á hậu Tường San khoe body mướt mắt với bikini bốc lửa trước thềm chinh chiến Miss International 2019 - Ảnh 1.\" src=\"https://kenh14cdn.com/thumb_w/620/2019/10/7/a-hau-tuong-san-15704438713351947163569.jpg\" alt=\"Á hậu Tường San khoe body mướt mắt với bikini bốc lửa trước thềm chinh chiến Miss International 2019 - Ảnh 1.\" width=\"\" height=\"\" data-original=\"https://kenh14cdn.com/2019/10/7/a-hau-tuong-san-15704438713351947163569.jpg\" style=\"box-sizing: inherit; border: 0px; height: auto; max-width: 100%; margin-bottom: 15px; margin-top: 25px; width: 769.99px;\"></a></div></div><div id=\"admzone474524\" class=\"wp100 clearfix\" style=\"box-sizing: inherit;\"><div id=\"ads_zone474524\" style=\"box-sizing: inherit;\"><div id=\"ads_zone474524_slot1\" style=\"box-sizing: inherit;\"><div id=\"ads_zone474524_banner567073\" class=\"banner0\" style=\"box-sizing: inherit;\"><div id=\"ssppagebid_973\" style=\"box-sizing: inherit;\"><div id=\"sspbid_3187\" class=\"banner0\" data-ssp=\"sspbid_3187\" data-admssprqid=\"5cdf2065-37a8-45b8-bfa3-80897b8182e2-5da1493b\" data-width=\"640\" data-height=\"320\" data-sspdefault=\"default\" style=\"box-sizing: inherit;\"></div></div></div></div></div></div><div class=\"VCSortableInPreviewMode big-image-detail\" style=\"box-sizing: inherit;\"><div style=\"box-sizing: inherit;\"><a class=\"detail-img-lightbox\" title=\"Á hậu Tường San là đại diện Việt Nam tham dự Miss International 2019 tại Nhật Bản từ ngày 25/10 đến ngày 13/11 tới.\" href=\"https://kenh14cdn.com/2019/10/7/7233470912238140178159535115554410314858496o-1570443871313453836862.jpg\" target=\"_blank\" rel=\"noopener\" data-fancybox-group=\"img-lightbox\" style=\"box-sizing: inherit; color: rgb(0, 122, 204); outline-style: none; outline-width: initial;\"><img loading=\"lazy\" id=\"img_ba755b90-e8ec-11e9-8661-7302f29dae18\" class=\"lightbox-content\" title=\"Á hậu Tường San khoe body mướt mắt với bikini bốc lửa trước thềm chinh chiến Miss International 2019 - Ảnh 2.\" src=\"https://kenh14cdn.com/thumb_w/620/2019/10/7/7233470912238140178159535115554410314858496o-1570443871313453836862.jpg\" alt=\"Á hậu Tường San khoe body mướt mắt với bikini bốc lửa trước thềm chinh chiến Miss International 2019 - Ảnh 2.\" width=\"\" height=\"\" data-original=\"https://kenh14cdn.com/2019/10/7/7233470912238140178159535115554410314858496o-1570443871313453836862.jpg\" style=\"box-sizing: inherit; border: 0px; height: auto; max-width: 100%; margin-bottom: 15px; margin-top: 25px; width: 769.99px;\"></a></div><div class=\"PhotoCMS_Caption\" style=\"box-sizing: inherit;\"><p data-placeholder=\"[nhập chú thích]\" style=\"box-sizing: inherit; margin-right: 0px; margin-bottom: 8px; margin-left: 0px;\">Á hậu Tường San là đại diện Việt Nam tham dự Miss International 2019 tại Nhật Bản từ ngày 25/10 đến ngày 13/11 tới.</p></div></div><div class=\"VCSortableInPreviewMode LayoutAlbumWrapper alignJustify noCaption\" style=\"box-sizing: inherit;\"><div class=\"LayoutAlbumContent\" style=\"box-sizing: inherit;\"><div class=\"LayoutAlbumRow\" style=\"box-sizing: inherit;\"><figure class=\"LayoutAlbumItem\" style=\"box-sizing: inherit; margin-bottom: 0px; width: 769.99px;\"><a class=\"sp-img-zoom\" title=\"\" href=\"https://kenh14cdn.com/2019/10/7/a-hau-tuong-san-24-15704438713301453863287.jpg\" rel=\"lightbox\" data-title=\"\" data-thumbnail=\"https://kenh14cdn.com/thumb_w/660/2019/10/7/a-hau-tuong-san-24-15704438713301453863287.jpg\" style=\"box-sizing: inherit; color: rgb(0, 122, 204); outline-style: none; outline-width: initial;\"><img title=\"Á hậu Tường San khoe body mướt mắt với bikini bốc lửa trước thềm chinh chiến Miss International 2019 - Ảnh 3.\" src=\"https://kenh14cdn.com/thumb_w/660/2019/10/7/a-hau-tuong-san-24-15704438713301453863287.jpg\" alt=\"Á hậu Tường San khoe body mướt mắt với bikini bốc lửa trước thềm chinh chiến Miss International 2019 - Ảnh 3.\" style=\"box-sizing: inherit; border: 0px; height: auto; max-width: 100%; margin-bottom: 15px; margin-top: 25px; width: 769.99px;\"></a></figure><figure class=\"LayoutAlbumItem\" style=\"box-sizing: inherit; margin-bottom: 0px; width: 769.99px;\"><a class=\"sp-img-zoom\" title=\"\" href=\"https://kenh14cdn.com/2019/10/7/a-hau-tuong-san-23-15704438713281709906677.jpg\" rel=\"lightbox\" data-title=\"\" data-thumbnail=\"https://kenh14cdn.com/thumb_w/660/2019/10/7/a-hau-tuong-san-23-15704438713281709906677.jpg\" style=\"box-sizing: inherit; color: rgb(0, 122, 204); outline-style: none; outline-width: initial;\"><img title=\"Á hậu Tường San khoe body mướt mắt với bikini bốc lửa trước thềm chinh chiến Miss International 2019 - Ảnh 3.\" src=\"https://kenh14cdn.com/thumb_w/660/2019/10/7/a-hau-tuong-san-23-15704438713281709906677.jpg\" alt=\"Á hậu Tường San khoe body mướt mắt với bikini bốc lửa trước thềm chinh chiến Miss International 2019 - Ảnh 3.\" style=\"box-sizing: inherit; border: 0px; height: auto; max-width: 100%; margin-bottom: 15px; margin-top: 25px; width: 769.99px;\"></a></figure></div></div></div><div class=\"VCSortableInPreviewMode big-image-detail\" style=\"box-sizing: inherit;\"><div style=\"box-sizing: inherit;\"><a class=\"detail-img-lightbox\" title=\"Á hậu Tường San được đánh giá cao về khả năng ứng xử, ngoại ngữ và sắc vóc.\" href=\"https://kenh14cdn.com/2019/10/7/a-hau-tuong-san-2-1570443871319933534460.jpg\" target=\"_blank\" rel=\"noopener\" data-fancybox-group=\"img-lightbox\" style=\"box-sizing: inherit; color: rgb(0, 122, 204); outline-style: none; outline-width: initial;\"><img loading=\"lazy\" id=\"img_baea3d70-e8ec-11e9-b408-8d69a45a1df4\" class=\"lightbox-content\" title=\"Á hậu Tường San khoe body mướt mắt với bikini bốc lửa trước thềm chinh chiến Miss International 2019 - Ảnh 4.\" src=\"https://kenh14cdn.com/thumb_w/620/2019/10/7/a-hau-tuong-san-2-1570443871319933534460.jpg\" alt=\"Á hậu Tường San khoe body mướt mắt với bikini bốc lửa trước thềm chinh chiến Miss International 2019 - Ảnh 4.\" width=\"\" height=\"\" data-original=\"https://kenh14cdn.com/2019/10/7/a-hau-tuong-san-2-1570443871319933534460.jpg\" style=\"box-sizing: inherit; border: 0px; height: auto; max-width: 100%; margin-bottom: 15px; margin-top: 25px; width: 769.99px;\"></a></div><div class=\"PhotoCMS_Caption\" style=\"box-sizing: inherit;\"><p data-placeholder=\"[nhập chú thích]\" style=\"box-sizing: inherit; margin-right: 0px; margin-bottom: 8px; margin-left: 0px;\">Á hậu Tường San được đánh giá cao về khả năng ứng xử, ngoại ngữ và sắc vóc.</p></div></div><div class=\"VCSortableInPreviewMode big-image-detail\" style=\"box-sizing: inherit;\"><div style=\"box-sizing: inherit;\"><a class=\"detail-img-lightbox\" title=\"Dù Miss International 2019 chưa chính thức diễn ra nhưng Tường San đã được sự ủng hộ lớn từ khán giả trong nước và quốc tế.\" href=\"https://kenh14cdn.com/2019/10/7/a-hau-tuong-san-3-15704438713234516361.jpg\" target=\"_blank\" rel=\"noopener\" data-fancybox-group=\"img-lightbox\" style=\"box-sizing: inherit; color: rgb(0, 122, 204); outline-style: none; outline-width: initial;\"><img loading=\"lazy\" id=\"img_befd7bc0-e8ec-11e9-9749-f51bf71e3025\" class=\"lightbox-content\" title=\"Á hậu Tường San khoe body mướt mắt với bikini bốc lửa trước thềm chinh chiến Miss International 2019 - Ảnh 5.\" src=\"https://kenh14cdn.com/thumb_w/620/2019/10/7/a-hau-tuong-san-3-15704438713234516361.jpg\" alt=\"Á hậu Tường San khoe body mướt mắt với bikini bốc lửa trước thềm chinh chiến Miss International 2019 - Ảnh 5.\" width=\"\" height=\"\" data-original=\"https://kenh14cdn.com/2019/10/7/a-hau-tuong-san-3-15704438713234516361.jpg\" style=\"box-sizing: inherit; border: 0px; height: auto; max-width: 100%; margin-bottom: 15px; margin-top: 25px; width: 769.99px;\"></a></div><div class=\"PhotoCMS_Caption\" style=\"box-sizing: inherit;\"><p data-placeholder=\"[nhập chú thích]\" style=\"box-sizing: inherit; margin-right: 0px; margin-bottom: 8px; margin-left: 0px;\">Dù Miss International 2019 chưa chính thức diễn ra nhưng Tường San đã được sự ủng hộ lớn từ khán giả trong nước và quốc tế.</p><p data-placeholder=\"[nhập chú thích]\" style=\"box-sizing: inherit; margin-right: 0px; margin-bottom: 8px; margin-left: 0px;\"><span style=\"box-sizing: inherit; font-weight: 700;\">Box thông tin:</span></p><p style=\"box-sizing: inherit; margin-right: 0px; margin-bottom: 8px; margin-left: 0px;\">Hành trình đến với cuộc thi Hoa hậu Quốc tế 2019 của Á hậu Tường San có sự đồng hành tài trợ đặc biệt từ dự án Ascent Garden Homes – được Công ty Cổ Phần Đầu tư Địa ốc Tiến Phát và Prosehre (Nhật Bản) liên kết đầu tư và cùng đồng hành còn có Công ty Cổ Phần Kỹ Thuật Jesco Hòa Bình.</p><p style=\"box-sizing: inherit; margin-right: 0px; margin-bottom: 8px; margin-left: 0px;\">Ascent Garden Homes là sản phẩm thứ 4 thuộc dòng Ascent của Tiến Phát, nằm kề bên dòng sông Sài Gòn thơ mộng, ngay trung tâm Quận 7.</p><p style=\"box-sizing: inherit; margin-right: 0px; margin-bottom: 8px; margin-left: 0px;\">Ascent Garden Homes chỉ với 478 căn hộ được thiết kế mảng xanh đến từng ngóc ngách, tạo nên không gian vô cùng thư thái, an yên với màu xanh dịu dàng của cây cỏ, xanh trong lành của nước và xanh bao la của đất trời.</p><p style=\"box-sizing: inherit; margin-right: 0px; margin-bottom: 8px; margin-left: 0px;\">Công ty Jesco Hòa Bình là công ty liên doanh giữa tập đoàn Xây Dựng Hòa Bình ở Việt Nam và Tập đoàn Jesco Holding của Nhật Bản với bề dày kinh nghiệm trong lĩnh vực thiết kế &amp; thi công cơ điện bao gồm hệ thống điện và điện nhẹ, ACMV, PCCC và cấp thoát nước.</p><p data-placeholder=\"[nhập chú thích]\" style=\"box-sizing: inherit; margin-right: 0px; margin-bottom: 8px; margin-left: 0px;\">Jesco Hòa Bình đã được Bộ Xây Dựng chứng nhận với công trình xây dựng chất lượng cao do Tiến Phát làm chủ đầu tư và ngoài ra hoạt động MEP Jesco Hòa Bình cũng được đăng trên tạp chí quốc tế toàn cầu Japan Times bằng Tiếng Anh.</p></div></div></div>','0'),(5,'http://hhvn.com.vn/wp-content/uploads/2019/08/056CHUNG-KET-foto-KIENGCAN--1200x800.jpg','Hoa hậu Đỗ Mỹ Linh và Tiểu Vy khoe sắc lộng lẫy trên sân khấu Chung kết Miss World Vietnam 2019','Tối ngày 3/8, đêm Chung kết toàn quốc Miss World Vietnam 2019 diễn ra hoành tráng tại thành phố Đà Nẵng. ..','<header class=\"entry-header\" style=\"box-sizing: inherit; color: rgb(51, 51, 51); font-family: Arial, Roboto, Merriweather, Georgia, sans-serif; font-size: 14px;\"><h2 class=\"entry-title\" style=\"box-sizing: inherit; font-family: Arial, &quot;roboto condensed&quot;; font-weight: 700; line-height: 1.1; color: inherit; margin: 0px; font-size: 24px; clear: both; text-rendering: optimizelegibility; padding: 10px 0px;\"><a href=\"http://hhvn.com.vn/hoa-hau-do-my-linh-va-tieu-vy-khoe-sac-long-lay-tren-san-khau-chung-ket-miss-world-vietnam-2019/\" rel=\"bookmark\" style=\"box-sizing: inherit; color: rgb(0, 0, 0); outline-style: none; outline-width: initial;\">Hoa hậu Đỗ Mỹ Linh và Tiểu Vy khoe sắc lộng lẫy trên sân khấu Chung kết Miss World Vietnam 2019</a></h2></header><p style=\"box-sizing: inherit; margin-right: 0px; margin-bottom: 10px; margin-left: 0px; color: rgb(51, 51, 51); font-family: Arial, Roboto, Merriweather, Georgia, sans-serif; font-size: 14px;\"></p><div class=\"fb-like\" data-href=\"http://hhvn.com.vn/hoa-hau-do-my-linh-va-tieu-vy-khoe-sac-long-lay-tren-san-khau-chung-ket-miss-world-vietnam-2019/\" data-layout=\"standard\" data-action=\"like\" data-size=\"small\" data-show-faces=\"false\" data-share=\"true\" style=\"box-sizing: inherit; color: rgb(51, 51, 51); font-family: Arial, Roboto, Merriweather, Georgia, sans-serif; font-size: 14px; margin-bottom: 10px;\"></div><div class=\"entry-content\" style=\"box-sizing: inherit; text-align: justify; font-size: 16px; color: rgb(51, 51, 51); font-family: Arial, Roboto, Merriweather, Georgia, sans-serif;\"><p style=\"box-sizing: inherit; margin-right: 0px; margin-bottom: 8px; margin-left: 0px;\">Tối ngày 3/8, đêm Chung kết toàn quốc Miss World Vietnam 2019 diễn ra hoành tráng tại thành phố Đà Nẵng. Bên cạnh sự tranh tài của 39 thí sinh, đêm thi còn có sự góp mặt của hàng loạt người đẹp như Hoa hậu Trần Tiểu Vy, Hoa hậu Đỗ Mỹ Linh, Hoa hậu Mai Phương Thúy, Hoa hậu Hà Kiều Anh, Á hậu Phương Nga, Á hậu Thúy An, hoa khôi Thúy Vy… cùng nhiều nghệ sỹ nổi tiếng.</p><p style=\"box-sizing: inherit; margin-right: 0px; margin-bottom: 8px; margin-left: 0px;\">Xuất hiện trên sân khấu đêm Chung kết trong vai trò đại sứ hình ảnh của Miss World Vietnam 2019, Hoa hậu Việt Nam 2016 – Hoa hậu Nhân ái Thế giới 2017 Đỗ Mỹ Linh cùng Hoa hậu Việt Nam 2018 – Top 5 Hoa hậu Nhân ái Thế giới 2018 Trần Tiểu Vy khiến mọi người trầm trồ vì vẻ đẹp lộng lẫy và kiêu sa.</p><p style=\"box-sizing: inherit; margin-right: 0px; margin-bottom: 8px; margin-left: 0px;\"><img loading=\"lazy\" class=\"aligncenter size-full wp-image-8079\" src=\"http://hhvn.com.vn/wp-content/uploads/2019/08/056CHUNG-KET-foto-KIENGCAN-.jpg\" alt=\"\" width=\"1500\" height=\"1000\" srcset=\"http://hhvn.com.vn/wp-content/uploads/2019/08/056CHUNG-KET-foto-KIENGCAN-.jpg 1500w, http://hhvn.com.vn/wp-content/uploads/2019/08/056CHUNG-KET-foto-KIENGCAN--350x233.jpg 350w, http://hhvn.com.vn/wp-content/uploads/2019/08/056CHUNG-KET-foto-KIENGCAN--1024x683.jpg 1024w, http://hhvn.com.vn/wp-content/uploads/2019/08/056CHUNG-KET-foto-KIENGCAN--1200x800.jpg 1200w\" sizes=\"(max-width: 709px) 85vw, (max-width: 909px) 67vw, (max-width: 1362px) 62vw, 840px\" style=\"box-sizing: inherit; border: 0px; height: auto; max-width: 100%; clear: both; display: block; margin: 25px auto 15px; width: 769.99px;\"></p><p style=\"box-sizing: inherit; margin-right: 0px; margin-bottom: 8px; margin-left: 0px;\"><em style=\"box-sizing: inherit;\">Đỗ Mỹ Linh và Tiểu Vy xuất hiện trên sân khấu trong những chiếc đầm hết sức lộng lẫy và nổi bật</em></p><p style=\"box-sizing: inherit; margin-right: 0px; margin-bottom: 8px; margin-left: 0px;\"><img loading=\"lazy\" class=\"aligncenter size-full wp-image-8080\" src=\"http://hhvn.com.vn/wp-content/uploads/2019/08/060CHUNG-KET-foto-KIENGCAN-.jpg\" alt=\"\" width=\"1500\" height=\"1000\" srcset=\"http://hhvn.com.vn/wp-content/uploads/2019/08/060CHUNG-KET-foto-KIENGCAN-.jpg 1500w, http://hhvn.com.vn/wp-content/uploads/2019/08/060CHUNG-KET-foto-KIENGCAN--350x233.jpg 350w, http://hhvn.com.vn/wp-content/uploads/2019/08/060CHUNG-KET-foto-KIENGCAN--1024x683.jpg 1024w, http://hhvn.com.vn/wp-content/uploads/2019/08/060CHUNG-KET-foto-KIENGCAN--1200x800.jpg 1200w\" sizes=\"(max-width: 709px) 85vw, (max-width: 909px) 67vw, (max-width: 1362px) 62vw, 840px\" style=\"box-sizing: inherit; border: 0px; height: auto; max-width: 100%; clear: both; display: block; margin: 25px auto 15px; width: 769.99px;\"></p><p style=\"box-sizing: inherit; margin-right: 0px; margin-bottom: 8px; margin-left: 0px;\"><em style=\"box-sizing: inherit;\">Hoa hậu Việt Nam 2016 – Hoa hậu</em><em style=\"box-sizing: inherit;\">&nbsp;Nhân ái Thế giới 2017 Đỗ Mỹ Linh tỏa sáng với nhan sắc đằm thắm và vô cùng ngọt ngào.</em></p><p style=\"box-sizing: inherit; margin-right: 0px; margin-bottom: 8px; margin-left: 0px;\"><img loading=\"lazy\" class=\"aligncenter size-full wp-image-8081\" src=\"http://hhvn.com.vn/wp-content/uploads/2019/08/061CHUNG-KET-foto-KIENGCAN-.jpg\" alt=\"\" width=\"1500\" height=\"1000\" srcset=\"http://hhvn.com.vn/wp-content/uploads/2019/08/061CHUNG-KET-foto-KIENGCAN-.jpg 1500w, http://hhvn.com.vn/wp-content/uploads/2019/08/061CHUNG-KET-foto-KIENGCAN--350x233.jpg 350w, http://hhvn.com.vn/wp-content/uploads/2019/08/061CHUNG-KET-foto-KIENGCAN--1024x683.jpg 1024w, http://hhvn.com.vn/wp-content/uploads/2019/08/061CHUNG-KET-foto-KIENGCAN--1200x800.jpg 1200w\" sizes=\"(max-width: 709px) 85vw, (max-width: 909px) 67vw, (max-width: 1362px) 62vw, 840px\" style=\"box-sizing: inherit; border: 0px; height: auto; max-width: 100%; clear: both; display: block; margin: 25px auto 15px; width: 769.99px;\"></p><p style=\"box-sizing: inherit; margin-right: 0px; margin-bottom: 8px; margin-left: 0px;\"><em style=\"box-sizing: inherit;\">Hoa hậu Việt Nam 2018 – Top 5 Hoa hậu Nhân ái Thế</em><em style=\"box-sizing: inherit;\">&nbsp;giới</em><em style=\"box-sizing: inherit;\">&nbsp;2018 Trần Tiểu Vy khoe vẻ đẹp ngày một sắc sảo cùng thần thái rạng rỡ.</em><em style=\"box-sizing: inherit;\"><img loading=\"lazy\" class=\"aligncenter size-full wp-image-8082\" src=\"http://hhvn.com.vn/wp-content/uploads/2019/08/064CHUNG-KET-foto-KIENGCAN-.jpg\" alt=\"\" width=\"1500\" height=\"1000\" srcset=\"http://hhvn.com.vn/wp-content/uploads/2019/08/064CHUNG-KET-foto-KIENGCAN-.jpg 1500w, http://hhvn.com.vn/wp-content/uploads/2019/08/064CHUNG-KET-foto-KIENGCAN--350x233.jpg 350w, http://hhvn.com.vn/wp-content/uploads/2019/08/064CHUNG-KET-foto-KIENGCAN--1024x683.jpg 1024w, http://hhvn.com.vn/wp-content/uploads/2019/08/064CHUNG-KET-foto-KIENGCAN--1200x800.jpg 1200w\" sizes=\"(max-width: 709px) 85vw, (max-width: 909px) 67vw, (max-width: 1362px) 62vw, 840px\" style=\"box-sizing: inherit; border: 0px; height: auto; max-width: 100%; clear: both; display: block; margin: 25px auto 15px; width: 769.99px;\"><img loading=\"lazy\" class=\"aligncenter size-full wp-image-8083\" src=\"http://hhvn.com.vn/wp-content/uploads/2019/08/219CHUNG-KET-foto-KIENGCAN-.jpg\" alt=\"\" width=\"1500\" height=\"945\" srcset=\"http://hhvn.com.vn/wp-content/uploads/2019/08/219CHUNG-KET-foto-KIENGCAN-.jpg 1500w, http://hhvn.com.vn/wp-content/uploads/2019/08/219CHUNG-KET-foto-KIENGCAN--350x221.jpg 350w, http://hhvn.com.vn/wp-content/uploads/2019/08/219CHUNG-KET-foto-KIENGCAN--1024x645.jpg 1024w, http://hhvn.com.vn/wp-content/uploads/2019/08/219CHUNG-KET-foto-KIENGCAN--1200x756.jpg 1200w\" sizes=\"(max-width: 709px) 85vw, (max-width: 909px) 67vw, (max-width: 1362px) 62vw, 840px\" style=\"box-sizing: inherit; border: 0px; height: auto; max-width: 100%; clear: both; display: block; margin: 25px auto 15px; width: 769.99px;\"></em></p><p style=\"box-sizing: inherit; margin-right: 0px; margin-bottom: 8px; margin-left: 0px;\"><em style=\"box-sizing: inherit;\">Hai đại sứ của&nbsp;</em><em style=\"box-sizing: inherit;\">Miss World Vietnam 2019</em><em style=\"box-sizing: inherit;\">&nbsp;xinh đẹp khó cưỡng và thu hút mọi ánh nhìn khi xuất hiện trên sân khấu đêm Chung kết.</em></p><p style=\"box-sizing: inherit; margin-right: 0px; margin-bottom: 8px; margin-left: 0px;\">Bên cạnh những Hoa – Á hậu và dàn sao Việt, đêm Chung kết còn có sự góp mặt của những nhà đồng hành, nhà tài trợ đã gắn bó cùng Miss World Vietnam 2019 trong suốt thời gian qua. Với mong muốn cùng cuộc thi tìm kiếm được một gương mặt thật sự xuất sắc để đại diện Việt Nam trên đấu trường nhan sắc quốc tế, hãng hàng không Vietjet – Nhà bảo trợ vận chuyển hàng không chính thức của Miss World Vietnam 2019 cũng có mặt trong đêm Chung kết toàn quốc.</p><p style=\"box-sizing: inherit; margin-right: 0px; margin-bottom: 8px; margin-left: 0px;\"><img loading=\"lazy\" class=\"aligncenter size-full wp-image-8087\" src=\"http://hhvn.com.vn/wp-content/uploads/2019/08/1-7.jpg\" alt=\"\" width=\"1431\" height=\"954\" srcset=\"http://hhvn.com.vn/wp-content/uploads/2019/08/1-7.jpg 1431w, http://hhvn.com.vn/wp-content/uploads/2019/08/1-7-350x233.jpg 350w, http://hhvn.com.vn/wp-content/uploads/2019/08/1-7-1024x683.jpg 1024w, http://hhvn.com.vn/wp-content/uploads/2019/08/1-7-1200x800.jpg 1200w\" sizes=\"(max-width: 709px) 85vw, (max-width: 909px) 67vw, (max-width: 1362px) 62vw, 840px\" style=\"box-sizing: inherit; border: 0px; height: auto; max-width: 100%; clear: both; display: block; margin: 25px auto 15px; width: 769.99px;\"></p><p style=\"box-sizing: inherit; margin-right: 0px; margin-bottom: 8px; margin-left: 0px;\"><em style=\"box-sizing: inherit;\">Ông Jay L Lingeswara – Giám đốc Bán và Phân phối Quốc tế Công ty cổ phần Hàng không Vietjet (thứ hai từ trái qua) trên sân khấu Chung kết Miss World Vietnam 2019.</em></p><p style=\"box-sizing: inherit; margin-right: 0px; margin-bottom: 8px; margin-left: 0px;\">“Vietjet rất vui khi trở thành nhà bảo trợ vận chuyển hàng không chính thức của Miss World Vietnam 2019. Chúng tôi cảm thấy thật tuyệt vời khi có cơ hội góp phần vào việc tỏa sáng ước mơ, lan tỏa cái đẹp của những cô gái Việt Nam trong cuộc thi năm nay. Chắc chắn rằng trong thời gian tới, Vietjet sẽ có những trải nghiệm đồng hành thật đẹp khi cùng Tân Hoa hậu Lương Thùy Linh tiếp tục tỏa sáng các giá trị nhân văn trong hành trình chinh phục Miss World 2019” – Ông Jay L Lingeswara, Giám đốc Bán và Phân phối Quốc tế Công ty cổ phần Hàng không Vietjet chia sẻ.</p><p style=\"box-sizing: inherit; margin-right: 0px; margin-bottom: 8px; margin-left: 0px;\"><img loading=\"lazy\" class=\"aligncenter size-full wp-image-8084\" src=\"http://hhvn.com.vn/wp-content/uploads/2019/08/AE3I8432.jpg\" alt=\"\" width=\"1800\" height=\"1200\" srcset=\"http://hhvn.com.vn/wp-content/uploads/2019/08/AE3I8432.jpg 1800w, http://hhvn.com.vn/wp-content/uploads/2019/08/AE3I8432-350x233.jpg 350w, http://hhvn.com.vn/wp-content/uploads/2019/08/AE3I8432-1024x683.jpg 1024w, http://hhvn.com.vn/wp-content/uploads/2019/08/AE3I8432-1200x800.jpg 1200w\" sizes=\"(max-width: 709px) 85vw, (max-width: 909px) 67vw, (max-width: 1362px) 62vw, 840px\" style=\"box-sizing: inherit; border: 0px; height: auto; max-width: 100%; clear: both; display: block; margin: 25px auto 15px; width: 769.99px;\"></p><p style=\"box-sizing: inherit; margin-right: 0px; margin-bottom: 8px; margin-left: 0px;\"><em style=\"box-sizing: inherit;\">Hoa hậu Thế giới Việt Nam Lương Thùy Linh (bên phải) cùng Á hậu 2 Nguyễn Tường San (giữa) và Hoa hậu Nhân ái Dương Thị Ngọc Thoa (bên trái) tỏa sáng với bikini Vietjet</em></p><p style=\"box-sizing: inherit; margin-right: 0px; margin-bottom: 8px; margin-left: 0px;\"><img loading=\"lazy\" class=\"aligncenter size-full wp-image-8085\" src=\"http://hhvn.com.vn/wp-content/uploads/2019/08/AE3I9003.jpg\" alt=\"\" width=\"1200\" height=\"1800\" srcset=\"http://hhvn.com.vn/wp-content/uploads/2019/08/AE3I9003.jpg 1200w, http://hhvn.com.vn/wp-content/uploads/2019/08/AE3I9003-167x250.jpg 167w, http://hhvn.com.vn/wp-content/uploads/2019/08/AE3I9003-683x1024.jpg 683w\" sizes=\"(max-width: 709px) 85vw, (max-width: 909px) 67vw, (max-width: 1362px) 62vw, 840px\" style=\"box-sizing: inherit; border: 0px; height: auto; max-width: 100%; clear: both; display: block; margin: 25px auto 15px; width: 769.99px;\"></p><p style=\"box-sizing: inherit; margin-right: 0px; margin-bottom: 8px; margin-left: 0px;\"><em style=\"box-sizing: inherit;\">“Người đẹp Biển” Nguyễn Thị Thu Phương khỏe hình thể xuất sắc trong bộ ảnh bikini của Vietjet</em></p><p style=\"box-sizing: inherit; margin-right: 0px; margin-bottom: 8px; margin-left: 0px;\"><img loading=\"lazy\" class=\"aligncenter size-full wp-image-8078\" src=\"http://hhvn.com.vn/wp-content/uploads/2019/08/035CHUNG-KET-foto-KIENGCAN-.jpg\" alt=\"\" width=\"1500\" height=\"1000\" srcset=\"http://hhvn.com.vn/wp-content/uploads/2019/08/035CHUNG-KET-foto-KIENGCAN-.jpg 1500w, http://hhvn.com.vn/wp-content/uploads/2019/08/035CHUNG-KET-foto-KIENGCAN--350x233.jpg 350w, http://hhvn.com.vn/wp-content/uploads/2019/08/035CHUNG-KET-foto-KIENGCAN--1024x683.jpg 1024w, http://hhvn.com.vn/wp-content/uploads/2019/08/035CHUNG-KET-foto-KIENGCAN--1200x800.jpg 1200w\" sizes=\"(max-width: 709px) 85vw, (max-width: 909px) 67vw, (max-width: 1362px) 62vw, 840px\" style=\"box-sizing: inherit; border: 0px; height: auto; max-width: 100%; clear: both; display: block; margin: 25px auto 15px; width: 769.99px;\"></p><p style=\"box-sizing: inherit; margin-right: 0px; margin-bottom: 8px; margin-left: 0px;\"><em style=\"box-sizing: inherit;\">Ông Jay L Lingeswara cùng Á hậu Việt Nam 2018 Thúy An trao giải&nbsp;</em><em style=\"box-sizing: inherit;\">“</em><em style=\"box-sizing: inherit;\">Người đẹp&nbsp;</em><em style=\"box-sizing: inherit;\">B</em><em style=\"box-sizing: inherit;\">iển</em><em style=\"box-sizing: inherit;\">”</em><em style=\"box-sizing: inherit;\">&nbsp;cho thí sinh trong đêm Chung kết.</em></p><p style=\"box-sizing: inherit; margin-right: 0px; margin-bottom: 8px; margin-left: 0px;\"><img loading=\"lazy\" class=\"aligncenter size-full wp-image-8086\" src=\"http://hhvn.com.vn/wp-content/uploads/2019/08/Hinh.jpg\" alt=\"\" width=\"1430\" height=\"954\" srcset=\"http://hhvn.com.vn/wp-content/uploads/2019/08/Hinh.jpg 1430w, http://hhvn.com.vn/wp-content/uploads/2019/08/Hinh-350x233.jpg 350w, http://hhvn.com.vn/wp-content/uploads/2019/08/Hinh-1024x683.jpg 1024w, http://hhvn.com.vn/wp-content/uploads/2019/08/Hinh-1200x801.jpg 1200w\" sizes=\"(max-width: 709px) 85vw, (max-width: 909px) 67vw, (max-width: 1362px) 62vw, 840px\" style=\"box-sizing: inherit; border: 0px; height: auto; max-width: 100%; clear: both; display: block; margin: 25px auto 15px; width: 769.99px;\"></p><p style=\"box-sizing: inherit; margin-right: 0px; margin-bottom: 8px; margin-left: 0px;\"><em style=\"box-sizing: inherit;\">Đại diện Vietjet trao cho Hoa hậu Lương Thùy Linh giải thưởng 1 năm bay miễn phí trên tất cả các chặng bay trong nước và quốc tế của Vietjet. “Người đẹp Biển” Nguyễn Thị Thu Phương cũng nhận được 1 năm bay miễn phí các chặng nội địa.</em></p><p style=\"box-sizing: inherit; margin-right: 0px; margin-bottom: 8px; margin-left: 0px;\">Với sự đồng hành của hãng hàng không Vietjet trong vai trò Nhà bảo trợ vận chuyển hàng không chính thức, Miss World Vietnam 2019 đã diễn ra thành công và tốt đẹp với lịch trình được đảm bảo chính xác tuyệt đối. Cuộc thi đã tìm ra được những đại diện xứng đáng để tỏa sáng nhan sắc, trí tuệ và lòng nhân ái của người phụ nữ Việt Nam trên các đấu trường nhan sắc quốc tế trong năm 2019.</p></div>','1'),(6,'http://hhvn.com.vn/wp-content/uploads/2019/07/MISS-WORLD-VI%E1%BB%86T-NAM-2019-33-1200x800.jpg','Trong tà áo dài, dàn thí sinh Miss World Vietnam khoe khéo body chuẩn từng centimet.','Nằm trong chuỗi các hoạt động vừa ý nghĩa vừa giải trí của Miss World Vietnam, các thí sinh đã có một ngày trải nghiệm...','<header class=\"entry-header\" style=\"box-sizing: inherit; color: rgb(51, 51, 51); font-family: Arial, Roboto, Merriweather, Georgia, sans-serif; font-size: 14px;\"><h2 class=\"entry-title\" style=\"box-sizing: inherit; font-family: Arial, &quot;roboto condensed&quot;; font-weight: 700; line-height: 1.1; color: inherit; margin: 0px; font-size: 24px; clear: both; text-rendering: optimizelegibility; padding: 10px 0px;\"><a href=\"http://hhvn.com.vn/trong-ta-ao-dai-dan-thi-sinh-miss-world-vietnam-khoe-kheo-body-chuan-tung-centimet/\" rel=\"bookmark\" style=\"box-sizing: inherit; color: rgb(0, 0, 0); outline-style: none; outline-width: initial;\">Trong tà áo dài, dàn thí sinh Miss World Vietnam khoe khéo body chuẩn từng centimet.</a></h2></header><p style=\"box-sizing: inherit; margin-right: 0px; margin-bottom: 10px; margin-left: 0px; color: rgb(51, 51, 51); font-family: Arial, Roboto, Merriweather, Georgia, sans-serif; font-size: 14px;\"></p><div class=\"fb-like\" data-href=\"http://hhvn.com.vn/trong-ta-ao-dai-dan-thi-sinh-miss-world-vietnam-khoe-kheo-body-chuan-tung-centimet/\" data-layout=\"standard\" data-action=\"like\" data-size=\"small\" data-show-faces=\"false\" data-share=\"true\" style=\"box-sizing: inherit; color: rgb(51, 51, 51); font-family: Arial, Roboto, Merriweather, Georgia, sans-serif; font-size: 14px; margin-bottom: 10px;\"></div><div class=\"entry-content\" style=\"box-sizing: inherit; text-align: justify; font-size: 16px; color: rgb(51, 51, 51); font-family: Arial, Roboto, Merriweather, Georgia, sans-serif;\"><p style=\"box-sizing: inherit; margin-right: 0px; margin-bottom: 8px; margin-left: 0px;\">Nằm trong chuỗi các hoạt động vừa ý nghĩa vừa giải trí của Miss World Vietnam, các thí sinh đã có một ngày trải nghiệm, khám phá các danh lam thắng cảnh của Đà Nẵng và thể hiện sức sáng tạo độc đáo với combo truyền thống “áo dài và nón lá” một cách mới lạ. Màn thể hiện xuất thần, đa dạng của các cô tại những địa danh nổi tiếng của Đà Nẵng như bãi biển Mỹ Khê, đèo Hải Vân, bán đảo Sơn Trà, bãi Tiên Sa, Ngũ hành sơn non nước và sông Hàn là một trong những minh chứng vững chắc nhất cho chất lượng của Miss World Vietnam.</p><p style=\"box-sizing: inherit; margin-right: 0px; margin-bottom: 8px; margin-left: 0px;\"><img loading=\"lazy\" class=\"alignnone size-full wp-image-7774\" src=\"http://hhvn.com.vn/wp-content/uploads/2019/07/MISS-WORLD-VI%E1%BB%86T-NAM-2019-3-1.jpg\" alt=\"\" width=\"2000\" height=\"1333\" srcset=\"http://hhvn.com.vn/wp-content/uploads/2019/07/MISS-WORLD-VIỆT-NAM-2019-3-1.jpg 2000w, http://hhvn.com.vn/wp-content/uploads/2019/07/MISS-WORLD-VIỆT-NAM-2019-3-1-350x233.jpg 350w, http://hhvn.com.vn/wp-content/uploads/2019/07/MISS-WORLD-VIỆT-NAM-2019-3-1-1024x682.jpg 1024w, http://hhvn.com.vn/wp-content/uploads/2019/07/MISS-WORLD-VIỆT-NAM-2019-3-1-1200x800.jpg 1200w\" sizes=\"(max-width: 709px) 85vw, (max-width: 909px) 67vw, (max-width: 1362px) 62vw, 840px\" style=\"box-sizing: inherit; border: 0px; height: auto; max-width: 100%; margin-bottom: 15px; margin-top: 25px; width: 769.99px;\"></p><p style=\"box-sizing: inherit; margin-right: 0px; margin-bottom: 8px; margin-left: 0px;\"><img loading=\"lazy\" class=\"alignnone size-full wp-image-7775\" src=\"http://hhvn.com.vn/wp-content/uploads/2019/07/MISS-WORLD-VI%E1%BB%86T-NAM-2019-18.jpg\" alt=\"\" width=\"1500\" height=\"999\" srcset=\"http://hhvn.com.vn/wp-content/uploads/2019/07/MISS-WORLD-VIỆT-NAM-2019-18.jpg 1500w, http://hhvn.com.vn/wp-content/uploads/2019/07/MISS-WORLD-VIỆT-NAM-2019-18-350x233.jpg 350w, http://hhvn.com.vn/wp-content/uploads/2019/07/MISS-WORLD-VIỆT-NAM-2019-18-1024x682.jpg 1024w, http://hhvn.com.vn/wp-content/uploads/2019/07/MISS-WORLD-VIỆT-NAM-2019-18-1200x799.jpg 1200w\" sizes=\"(max-width: 709px) 85vw, (max-width: 909px) 67vw, (max-width: 1362px) 62vw, 840px\" style=\"box-sizing: inherit; border: 0px; height: auto; max-width: 100%; margin-bottom: 15px; margin-top: 25px; width: 769.99px;\"></p><p style=\"box-sizing: inherit; margin-right: 0px; margin-bottom: 8px; margin-left: 0px;\"><img loading=\"lazy\" class=\"alignnone size-full wp-image-7776\" src=\"http://hhvn.com.vn/wp-content/uploads/2019/07/MISS-WORLD-VI%E1%BB%86T-NAM-2019-33.jpg\" alt=\"\" width=\"2000\" height=\"1333\" srcset=\"http://hhvn.com.vn/wp-content/uploads/2019/07/MISS-WORLD-VIỆT-NAM-2019-33.jpg 2000w, http://hhvn.com.vn/wp-content/uploads/2019/07/MISS-WORLD-VIỆT-NAM-2019-33-350x233.jpg 350w, http://hhvn.com.vn/wp-content/uploads/2019/07/MISS-WORLD-VIỆT-NAM-2019-33-1024x682.jpg 1024w, http://hhvn.com.vn/wp-content/uploads/2019/07/MISS-WORLD-VIỆT-NAM-2019-33-1200x800.jpg 1200w\" sizes=\"(max-width: 709px) 85vw, (max-width: 909px) 67vw, (max-width: 1362px) 62vw, 840px\" style=\"box-sizing: inherit; border: 0px; height: auto; max-width: 100%; margin-bottom: 15px; margin-top: 25px; width: 769.99px;\"></p><p style=\"box-sizing: inherit; margin-right: 0px; margin-bottom: 8px; margin-left: 0px;\">Các cô gái của Miss World Vietnam đã khéo léo khoe trọn body chuẩn tới từng centimet của mình trong tà áo dài trắng tại biển trời Đà Nẵng. Tà áo trắng mỏng ôm sát cơ thể tôn lên những đường cong phổng phao, vừa gợi cảm lại vừa kín đáo. Cùng mang nụ cười rạng rỡ và thần thái đầy cuốn hút hòa mình vào không gian đẹp như cõi mộng, vừa có núi non lại vừa có biển cả, vừa có sự cổ kính uy nghi lại vừa nét hiện đại mới mẻ của danh lam thắng cảnh Đà Nẵng.</p><p style=\"box-sizing: inherit; margin-right: 0px; margin-bottom: 8px; margin-left: 0px;\">Có thể thấy sau chặng đường đồng hành cùng Miss World Vietnam, các thí sinh đã có cho mình màn lột xác đầy ngoạn mục từ nhan sắc đến kĩ năng. Thần thái mà các cô toát lên trong mỗi khung hình tại những khung cảnh khác nhau đã chứng minh khả năng và sự chuyên nghiệp của những thí sinh đến từ một cuộc thi có chất lượng quốc tế.</p><p style=\"box-sizing: inherit; margin-right: 0px; margin-bottom: 8px; margin-left: 0px;\">Như lời bà Phạm Kim Dung, Chủ tịch Miss World Vietnam từng chia sẻ: “<em style=\"box-sizing: inherit;\">Miss World&nbsp;</em><em style=\"box-sizing: inherit;\">Vietnam hướng tới rèn luyện, đào tạo những thí sinh của mình trở thành những cô gái xuất sắc nhất mà dù đặt vào vị trí nào cũng có thể làm được, cũng có thể thể hiện tốt bản thân.”</em></p><p style=\"box-sizing: inherit; margin-right: 0px; margin-bottom: 8px; margin-left: 0px;\"><img loading=\"lazy\" class=\"alignnone size-full wp-image-7777\" src=\"http://hhvn.com.vn/wp-content/uploads/2019/07/MISS-WORLD-VI%E1%BB%86T-NAM-2019-9.jpg\" alt=\"\" width=\"1333\" height=\"2000\" srcset=\"http://hhvn.com.vn/wp-content/uploads/2019/07/MISS-WORLD-VIỆT-NAM-2019-9.jpg 1333w, http://hhvn.com.vn/wp-content/uploads/2019/07/MISS-WORLD-VIỆT-NAM-2019-9-167x250.jpg 167w, http://hhvn.com.vn/wp-content/uploads/2019/07/MISS-WORLD-VIỆT-NAM-2019-9-682x1024.jpg 682w, http://hhvn.com.vn/wp-content/uploads/2019/07/MISS-WORLD-VIỆT-NAM-2019-9-1200x1800.jpg 1200w\" sizes=\"(max-width: 709px) 85vw, (max-width: 909px) 67vw, (max-width: 1362px) 62vw, 840px\" style=\"box-sizing: inherit; border: 0px; height: auto; max-width: 100%; margin-bottom: 15px; margin-top: 25px; width: 769.99px;\"></p><p style=\"box-sizing: inherit; margin-right: 0px; margin-bottom: 8px; margin-left: 0px;\"><img loading=\"lazy\" class=\"alignnone size-full wp-image-7778\" src=\"http://hhvn.com.vn/wp-content/uploads/2019/07/MISS-WORLD-VI%E1%BB%86T-NAM-2019-17.jpg\" alt=\"\" width=\"1333\" height=\"2000\" srcset=\"http://hhvn.com.vn/wp-content/uploads/2019/07/MISS-WORLD-VIỆT-NAM-2019-17.jpg 1333w, http://hhvn.com.vn/wp-content/uploads/2019/07/MISS-WORLD-VIỆT-NAM-2019-17-167x250.jpg 167w, http://hhvn.com.vn/wp-content/uploads/2019/07/MISS-WORLD-VIỆT-NAM-2019-17-682x1024.jpg 682w, http://hhvn.com.vn/wp-content/uploads/2019/07/MISS-WORLD-VIỆT-NAM-2019-17-1200x1800.jpg 1200w\" sizes=\"(max-width: 709px) 85vw, (max-width: 909px) 67vw, (max-width: 1362px) 62vw, 840px\" style=\"box-sizing: inherit; border: 0px; height: auto; max-width: 100%; margin-bottom: 15px; margin-top: 25px; width: 769.99px;\"></p><p style=\"box-sizing: inherit; margin-right: 0px; margin-bottom: 8px; margin-left: 0px;\"><img loading=\"lazy\" class=\"alignnone size-full wp-image-7780\" src=\"http://hhvn.com.vn/wp-content/uploads/2019/07/MISS-WORLD-VI%E1%BB%86T-NAM-2019-29.jpg\" alt=\"\" width=\"1333\" height=\"2000\" srcset=\"http://hhvn.com.vn/wp-content/uploads/2019/07/MISS-WORLD-VIỆT-NAM-2019-29.jpg 1333w, http://hhvn.com.vn/wp-content/uploads/2019/07/MISS-WORLD-VIỆT-NAM-2019-29-167x250.jpg 167w, http://hhvn.com.vn/wp-content/uploads/2019/07/MISS-WORLD-VIỆT-NAM-2019-29-682x1024.jpg 682w, http://hhvn.com.vn/wp-content/uploads/2019/07/MISS-WORLD-VIỆT-NAM-2019-29-1200x1800.jpg 1200w\" sizes=\"(max-width: 709px) 85vw, (max-width: 909px) 67vw, (max-width: 1362px) 62vw, 840px\" style=\"box-sizing: inherit; border: 0px; height: auto; max-width: 100%; margin-bottom: 15px; margin-top: 25px; width: 769.99px;\"></p><p style=\"box-sizing: inherit; margin-right: 0px; margin-bottom: 8px; margin-left: 0px;\"><img loading=\"lazy\" class=\"alignnone size-full wp-image-7779\" src=\"http://hhvn.com.vn/wp-content/uploads/2019/07/MISS-WORLD-VI%E1%BB%86T-NAM-2019-22.jpg\" alt=\"\" width=\"1333\" height=\"2000\" srcset=\"http://hhvn.com.vn/wp-content/uploads/2019/07/MISS-WORLD-VIỆT-NAM-2019-22.jpg 1333w, http://hhvn.com.vn/wp-content/uploads/2019/07/MISS-WORLD-VIỆT-NAM-2019-22-167x250.jpg 167w, http://hhvn.com.vn/wp-content/uploads/2019/07/MISS-WORLD-VIỆT-NAM-2019-22-682x1024.jpg 682w, http://hhvn.com.vn/wp-content/uploads/2019/07/MISS-WORLD-VIỆT-NAM-2019-22-1200x1800.jpg 1200w\" sizes=\"(max-width: 709px) 85vw, (max-width: 909px) 67vw, (max-width: 1362px) 62vw, 840px\" style=\"box-sizing: inherit; border: 0px; height: auto; max-width: 100%; margin-bottom: 15px; margin-top: 25px; width: 769.99px;\"></p><p style=\"box-sizing: inherit; margin-right: 0px; margin-bottom: 8px; margin-left: 0px;\">Các thí sinh của Miss World Vietnam dường như đang thể hiện rất tốt điều này. Mỗi cô gái đều tự tin bộc lộ bản thân một cách mới mẻ, trẻ trung theo cách riêng đầy sáng tạo.</p><p style=\"box-sizing: inherit; margin-right: 0px; margin-bottom: 8px; margin-left: 0px;\">Những khung hình với thần thái “không phải vừa đâu” của các thí sinh với nón lá và tà áo dài. Miss World Việt Nam đang bước vào chặng đường cuối cùng với sức nóng hừng hực tiến tới đêm Chung kết đầy hứa hẹn tại biển trời Đà Nẵng sẽ diễn ra vào ngày 3.8 tới tại Cocobay.</p></div>','0'),(7,'data:image/jpeg;base64,/9j/4AAQSkZJRgABAQAAAQABAAD/2wCEAAkGBxMTEhUSExMVFRUWGRgVFhUWFRUVFRYXGBcaFxcVFxcYHSggGBolHRUVITEhJSkrLi4uGB8zODMtNygtLisBCgoKDg0OGxAQGy0lHyUrLzUtLS0tLS0tLS0tLS8tLS0tLS0tLS0tLS0tLS0tLS0tLS0tLS0vLS0tLS8tLS0tLf/AABEIARMAtwMBIgACEQEDEQH/xAAcAAABBQEBAQAAAAAAAAAAAAAEAAIDBQYBBwj/xABEEAABAgMEBQcICQUAAgMAAAABAAIDESEEBRIxBkFRYXEHEyKBkbHBIyQyNHKh0fAUM0JSYnOCsuFDY5Ki8VPCFURU/8QAGgEAAwEBAQEAAAAAAAAAAAAAAgMEAQAFBv/EAC8RAAIBAwIFAwIGAwEAAAAAAAABAgMRIRIxBBMiMkFRYYFxsQUjQsHh8DOh0ZH/2gAMAwEAAhEDEQA/AH8kI8kfbK1t0Ac5GP8Add3BZbkhb5E+2Vr7mg9KKf7r1LPuf1LIvC+h4ZpX65aPzHd6foiPO4PteBXNKW+eR/zHd6m0Pb53B9rwKqb/AC/gRHv+TY8seVm4O7mrM6Cjyx6lpuWIercHeCz+gMM86epJb/JHRX5qD+Uj1uF+X4oG8fVGe0rDlFE7XD/L8UDeI81Z7SBvtGxWJFI+IQ1oGtAxcyi4+TUJFzKdETNkS5JdXQmC0daFK0KNqlagYQ4BNcE9qTggMZGAnQ2TMl0BdaERh3DKYRDIZwTlSagCnY7oS3rJBRsWTYM7LPej+TmHO0Ons+KChxD9GlvROgRlHdwSX2yHfrj9Ct0rYBaYgG1Jc0n9YicUk2Haier3s9E5IGD6PP8AE5ay7IkjEH9x6yvJVDwwGydimSTLUTqWmuxvpn+5E7ylyecDtNt/Q8M0oM7XHP8Acd3ozQUD6bCntPcUDpIPO4/5j+9FaFjzyDxPcVQ+z4ErvNvyygYbP+ruCoeTdw5xwO5W3LHnZ+DvBU/J43puO8JT/wAY2HfYsOUSQtkL2PFB3sG/Rm8VNyheuQ/yx3lBXr6szilPeI+OzKC0gSagooqUbaGUag4ozVEBEyGSQC6iW3dFIxCE+W3A74JgoHCe1NlJPYgYQVDsriJyooiFrbohsfBJxASGSy0f0jxU8Kjk2n4K+J4eNOEZRd7kCe0JEJzQm3IhNCkYOj1rjApYbOj1rWwkixht8360XoM3y7uCUCAfoxMtal0EYTaHbJeKnveMh+0olRpUwi0P3lJG6bO8th2T70k6n2onq97NhySDzce07vK2F0mj/bifuKy3JOzzZh2ud3laK6okwSNcSL+5wQz7n9Rq2X0PGb9u+I+PaYrWEsZEficMhVP0HbO2QuJ7ivd7RdUFrHNENsnibhIdInMnas1cOiMOFGfaC1uImbQBIMG5E540sWopvUhaWaK/THwnF0mQwcQ1mcpdyzujejT7PaIjQZtmCDu2cV6Sx4c10twCCDR0gPS8Utt2sNjh3MhpZd7YsQAioAqs5fuEBsIfZzVjfGkBZF5tzCIgNeG3rVRpO4OYyKKE0QJPUii604KG2GRl2KtiBG2nJqFiCpVMCWo7sHbE6YY0Tect2zithZNE7X6YEJs+kGkxQ+u9pkOwqs0Eup0S0vjhuLmw7CABV4kA2plORnXaF6rY48bmiXslE+y0gE+4yPaF05tYQMIXyzxq+g5kXA9pa8UcDIz2EEZ8UOAthyjWOJEhQrS+GWOa7A6YAoRMOo40mJaquWRIWp3RklZksOKQJAkLgTE9qxo5tsdJPYEmhPaEBg0NRFmd2KKSfBHR61r2CjhmjsccOaYZyktHdOCHFYAAJt7SspYejALgKzzUt23jEtERkKQmD6WxoUul5sValZX8mjtmiQtdqcXuLW4ZiUs55JLQ3RamNiYHOAMtZ2JI4SdhU4q4XZocCxwK4YUNoNTIVVfohEx2eG8GeJ0R09ci9xWZ5ZGRccLPmZGUvRxb98lqeT+D5jBP4T3lNcekWpZNbamTA3BCQYjXtIB3HcV47eWl9ohG0wA4nFEeA8uM2icpBN5P72jfSms5xxa/EXAmcztqiccXBTSwavT6+ItkdBMM/eBbqNKFVGg18RYkSI57yS4/ICk5Yn9OANxKq+Tv0ncR3LJJKFxkXedh/KGPPmnbDHeUHfPq0Pj4I7lF9dZ+WO8oK+h5rD4+CF7obDtkZ+OKMQsTMouPkxDPFU6ImZe8mF7CFaHwXf1XTYZawwlwJnrAGrUvUXRzM7Z0bXEdhb0Ze9eScn92PiW1kQNPNwi8ufLo48GEMByJ6YMti9mZCMpAmSVUxI6k8ZPOuVy+GljbMJ4iWPMsg0EkgmedGmUuzXiFZcoFhiwrVEdFbKHFeXQnzBDgA0EZzBGVdlFXNrXamR7UA3eTOFOauFdatOJ4alAUcJTgJT3OGyToQ6PWntanQYZLZDauuGkWtmHmx4p2hLPO/wBJ7wu2Iebu4ruhXrfUe8JS2kNl+kWm7JRMQNZkLql04HS60kyl2i63een2lkG2wCwERGPBkRXLYUPogzBZWQ/u4m9jnDwVVyYeqQ+Du8q2uBh5rrifvcteLmWweJX7W0xvzH/uKutDLI6HbobXSnhJoZ6lR316xG/Mf+4q40BJNtZOtHJr7fgXG2o0HLD6cD2XeCruTsdJ3Edys+WAdOB7LvBVnJ76TuI7kuf+MZDvJOUb11n5Y7ygr49Wh8Ubyjeus/LHeUJe3qrOKx7odDtZVWK7Xx3Q4cMCeZJMmtE5TJ2VHatndugEGc3mLFIzaJQ2cDKbv9gq7QJoL3U6WCh1jpVHXMdi3DLya1oY9jiZltD0TU9I766q01Jkc4EzdnkFsVgbABZCYyG0EnA1uGRO7bXPejvpDpSkBt1oKFHxTdMCdRslIBoE9kiJbs04RxrInKfUlTpyizYzjIfbbOyI0tita9p9IOAcDxBQNruGyluAwITWACUmBpaPwuaJjPuU0UE5jbtFRWVcjqy1FMhWhrHScRifIAATaSGkuE50MtXvTFTcY3A5ik7HmGkV2Czx3QmlxaJFpcAHFrhOstYqOpVoWz5S4I5yE/W5hHHCZj9xWMWxd1c5xsTwgi2BCQkXAKVPc2xJDakyjTxUjRVNA6J4oUw0i1u+tndxXdDR551HwTrtHm7uKboj64OB8ECfcNksRFp2887LUklp6PLLibS7EIrd7NzyZ+qQuDu8q5ucyhkb4n7nKn5NfVIPsnvKu7oZ5Mn2/wBzlr3f1NPCb59YjfmP/cVccnvrrPZd4KnvkeXi/mP/AHFXHJ766z2XeCa+0VFdZo+WD6yB7LvBVegHpO4juVryuDykD2T4KHQmygNxDMmqVN9Fh1NdVwflA9dZ+WO8oC9j5szirDT9vnrT/bHeUBeg83ZxQyeUPguljtDLRgtMMantcz/2/wDVX18W50K0sE5MeHfpeCJO7CR1rMaOt86s/tH9pV5pxQtfsdXgaFOotKom9ibiE3FpF/YI85gyAoKAD0jNwEjU5/xqNbZGEtcWgvbMh1STSUwAa1lKc5Uks3YLS7m5s9JpkaAkyrQEUJaTUGfSC01jtYfDa+knilDkZyIzkTWmdN6sr09OSGnO4NaXNA9L0uiJitSASCRmJOMhVZe8bTK1QBmAXe8SHX8FoLzbOIwVoMWc8my1e1RYW/rS4WiC7JvTd1Ta1vaAT1rpRtRb9UdB3qJe5cco8OcOzxNhc3tAI/aVhQF6Zf0Dn7A+VSyURv6an/XEvNgFBB4PQkhzAirOoQFNBQyOsGBqQb0SpYQmutb0XJKYxIOuseRfxXNFRK2jgfBSXV9S9c0cHnjTtn4IU8yGTWIjNPx5UJJ3KC3yoXVRR7ETVl1m35Nm+aQfZPire6XeT/z7yqvk49Tg+wVZ3YPJ/wCXeVzOPDb1+vi/mP8A3FXHJ6PPW+y7wVReg8tF9t/7itJycwh9JnrwnwTJO0QYrqLblb+tgeyfBRaEu6H6vgpuVweUg+yfBQ6I2csAAcHAmdNW5Jn2j6SuR6cAm1g6sA7ZlVd7fUM4q002d5yPZHeVW3sPIM4oL5RTFdItE4JNohH7oc4/4kd5CsOUE0A3qw0VsghwREIq/wDaMu3PsVPpFaRHjSJGCGRMa3vP9NtR0iN4lMKinFydkR1pJPIRo284WOOIBzCCagEtyrwLj1bld3M9zWRWTngLsAAnV1WicwD6UpHXPITQ1heW4YTWsLhMyGLoMLpYZk4W0AmQBMCciUZDssOyNPN4gZmU5nDmZgnP0qzXoynqWnyeZps9RDAaecMyC6WHCM3VmSNxJGrVqosjpFZnOZDiSOFoMOdfsmQO7L3rcCzw3HnWy5x4NanDiPSwzyNCNldclWXlY2xsnxIcRgM+lOYNHB7cnCe/LhTHNS6JGwTg9SGaJXo18DDTEKEHdQgrNaS6PmzuxtrCeafgOeA+B19SgtNlfZnviQ82HC+GCSZgmYAAylIgkzlTcNTdl+QbTBwPq1wkfnUdh3KSvw8qL9nsy6jWjUXuYYNTmZqwvS7zBfhNQatdqc3bx2hANFVKmPaLOylSllHBD2TNHhkwVPN2Y2McEt0jyb1Pc0Ei1MdqTLsbJj1Lck+fbxQOXUxjj0obyiNGJp1/wkpdOrOHPBcSAElVSlaJPUg27mr5OvVIPsFWl2fV9Tu8qs5PG+aQvYVnd7ZQv0lFIWeHXl9bE9t/7itNydesdR8FmrwHlH+07vK1PJ7AcIwfhOEggOkZTprWzfQdBZLrlJsL40eCxn3SSTkMkzRux8yBDnMipO9WWlhd9JYRlgM+2iAumJ5RInN7FVOC03K7TT1geyO8qGJZOcZCZtd2DWeyal02PnA9kd5RNntAhwgcjImZ1DaUdOnKpJRishSmqdNyZJf1uwNEOH6UsLRkBqmdyx74gZFYxgxODgS6XpP27ZiuY2ZqK+L3JnLN0pfel4Tz4SG1WejdhDWiO8ZAhs6TJ9J1ZzrQbhvX0VLh40otLfy/2X99z52tWc3fwarRyxhrXAunMycMRo4VOyU8u3bJFWguJDHVrhprFSXEVE8vfqVfcVsPOOhCWFoLqNJc55Mz0tRAIr71aYm4gJGgJEgJAgHEDKVJSoKV7Y6icZu4yL1RIbK8uDRSQ1kVmMpzE8hPblsQVveBFAZQyoaiZGIioblISBlnMbJWNmDQXYpBwmAHGuLN3E0A48VnbQ7FHfi6TXThyNBTpCn6ny10CKnTU5texkp6Uh0aIwgxGmUzJ4ywuInVmttADs27M/bLsIeXQ+g/W3NjyTOp31k4Z8RJFPLoTyBWUhnuzrnOda7V2yWrF5J8wWzwHVL7jsWrcfgVdFLS6dTKf+hN2nrjuMuy386RZbQ0tLvQJzB1OacnChG/LgJarI6E9zHZjsI1EbijL8gue0PFIkMh7cjiDa57ZTqKmk5q7vCzNtUCG9pHOYcTfxt1t8R/K8Xi+FdGXs9j1uFr8xGXgGqubHkVVw4QCs7ufSS8ytlXR6MIhFlZJr065vrmcUSyH0XcFBdTfKM4qdSug2sFnpLZmxHYHGVAUlBpODzzfZXE9SaWDI01JXZotAD5pC9jwV3Z2eR/SVSaAeqw/Y8FdQH+R/Sq3szzpbnh94Qum/2nd63HJ9aIhBhk9BgpTWTtVLcVhZGtPlDQEul96uS9Bs8OHDOCG0NGZkEuU8WGqLBNJAMWX2VTXY3ygVrpO6svwqpuxkojUp7lVNdBHf4BtoBE+hOXWVntJbfXDkG5yObgOiyexoIJ4havSO0tBdFAEwMLd+zq+C8svO1Fzs5kmY31z6zMr6PguG5UNX6meFxfEc16Vsgu5bvdaYuJ46ImSduU656gOJO9bWNQTl6Iy4eiO2SjuG7eZgtaR0iJu75dU/eUTGbVrNpxHg2vfJUt2diJ5yKxWQtqM8yd5zV3DDX4XAkSLq5GdRqOU59iFgQ6J93RCCWDWZzHZXaNfbNRVlqyPpu2Dt5gQqAETy9EkzmKbgTvlIKgdBOFzs3YsfEgzPbXtVvexLngEmTMqk1OuWrUoIjJNB60ygtKv6g1Hd2K28YYLRFbKgrSc2HPVqp2nahItjDwM5tkWPAMwZZT1jcrmAwNxNlPOQ2tdq6jMdSq4UHA/CTORoCKYaEVnnU9ioaurrwZFjLJGxAtd6QnOUh+pu0IO3iJC5lzHHFBLngCYbEYXAkYcp1cEba7PhcHAyB17PnxUhYXzbm7MGWf4mjPbMI1GFVaZbfb+PU1SlB3R29ITXziQ2yNHOZtBGLGzaK1GogoWxPorO7A1w5siYAEhwAa5nuBHUUPeFi5ugPRIm07vivC/EOCdFJr59n/AMPa4HilVk4v490W13kEIaCZRmyGtFXQ0c0NutFQoM3AgZFfPt6W0egwLST61vspJ+kDfKD2fFdVYUO1BVx2+HZ4YhCOwgDDMkTRsO+2BmDnoeUpzC8ETmr2uVD0Pn+ZL1PXLLckBrg8WkTBnm1WgtjA6f0hnaF5bCMoGLqVI4qelCE27rYZzZryezW+PCiuxOtLBSVC1D2Sxw8WNkfHLOREuuS8gYJkACZNABmScgF6zc9hbZLM1hlMAviHa81PZQDgrqHDU3K9hFXiqijbUVGmVskcApIS6znPqms7ojdvP2nER0IfSOyY9EdqbpBaXPiEDM97vgJBbrRa7OYgNH2ndI6p7AV7D6Iavhfuzzr+AuNT5+CEhMm8nYAOsmZ7gjIgmT8U2wQqE/edPqHRHuA7VJsmw/IYwSb8/OxCMJaMQEyDOsq7RUbEe8Sb2pph9FITzkN7A8aFMzAlMkyzkNQmc010OgG5G4JyTYjVqdkYVT2gVrqb2mh7ZDrQ9tg4q7KHdsPUe8qwjw5kt+8KHf8A9Q0N02zkKiVZ0OvI8RVUQZy9GCCHjbgMp7dhlT53pthaHNLXgg6tRBGvLbTtRGRrr9xzHimYJPnkHD/YfH4oU2ncL2IjNjg/0SKOIJ6UsngaiMjuJVs6AyOwNdOVHAjMTzHeOpCPYD6XokyNJkbHKW7eh0Z5GbfZNSOozVFVRq0/dfb+PsBCUoSumNscWyQ3YBaKgyLS6oORCtHPgNH1p25rHacXThe21QxR0hElqdqd15Hq2qwsvlLPi/DVfHfiluHnF6U02evQqTqLuYrdedjc/E60GYpmkvObTDMzQ57CkvRjCFtkL51T1ZsBprZP/wAnuYnt0xsZ/wDqe5i88YtJoVcJtlqZAnIGbnHY1uck2pNQi5MUlc2Np0ksjYLHGzUdkJNVWdKbBrsv+rfitTyi6Cw4Nj52CXeSlMEzm3InivI7NZnRHtY3NxluG0ncAkcHUlUumrSvt9tvY2dlnweg3NCs1ritjw4PNsgnWAA+Icssw3PjJEaS24AYdWZH4W6usyHarK7LK2zWdrBQNaSeOZJ3rCXnHdE4xXDCPwZN6quPWveow0uy8fc86pO+SfRW7zHtGNwm0Ek+PwXotsMmyGXz2ZIHROwCDBDpCZynPLVPfrU9rMznT+V1aeqWlbIGCxd+QWcg5+wGXz2I6yQwGtGwAKvj1k3eBLVmAfcCrWEJlJqO0Q4rIrUOinGvfsT7Q2iQHcpkxjQmS+dXBMitqnwguuCJneACKCCCDKstlELEbJ7thk4UlKdD1zE+tWFoZQoeOOiHdXUaS9wTacs2BeCuiMmD811FPa3EymYkWz3ZCnYpC013+/anQXBrpZifVwTqnqjn6nGPDhirM7a9s0O5hbw1bBPNFc3hdIZGo8R49amYBwQ0quhnSWpDrvj4wWkVGYNd6lu+8+lFgmCAWDE3Y9pycPnMFV7WmFED/smh3LS3bZIb4zceRBaCKUOrhRQfjNCcqL5O+8f3WR/CVLS6vk84tOmoBI+jNodo+C6i+VPRNtleyJCngiTodThnXrSUVKs5RyrP0KGjymC+qvNF9JIlhtTI7AHYZgtOTmkSI3cdwWfhGoRDwFTKOpWYOx6jppytMtVkdZ4cBzDEAD3OcCGgEEhshXLMyQ+hVx82wRYg6bxjIIq1mbWnYTQnq2LOaDaPfSInOvb5KGdeT35hu8DM9Q1lelxThBO3w/lVcJQ5adR7vYmrTu9KKnSS1eTEOcsZ6R2NFXHw61RXDZDHtMzkPhL3Np1pXzbMRc79I4DPtMuxavQi7+bgh5HSfWe4/PuXoX5cL/25J3SsXUfoNllISofncqtw8UdanzQMYqWI1kUKCS9tCZV93fVW9lYq2w1cdcgJdZ/hW8Ioaz8BQ3ORz3qOIPBPjuy+GtNfkEiIyR2DknFRwzT5opEb3BWxG/YhoTZtIO8IkhDwqPI2rtjtwNrdvArpYOpER4fS494p8E1rVTqugERFpIlrFR8+5SwSCAfglgnxTGnC7ce/WkS9Q16Ew2EUKNspwtwfd9E7v4Qolmp7O/UepbfXHSzl0u5j+V29rQ8QA6XNCYmP/JrxHaWgS4OSWnvawQ4zHQorcTTIkZZGYr8N6SlfCq91goVU+fIa0OjNxutcYQmzlm92prdvHZ/BVVYbAYkRsOGC57iGtA2/Be3aL3CyyQeaaZudWLE+8dg3DL5KbShqd3sDUnpXuTWSwshQ2woQkxok2VZ7Xb9ZnxKp9JbZhBaDWWEdea0cwJk5AT7P+Fee33accUnVX57Fand/QjeED2KyGNFhwhkSJ7gM16gAGNDQKASCymgdhnijkZ9FvitU9wlx3d3YgrS8G042VwKOUHHyRMdyBiEzOdAspnMMsAoTqnIcAP8AqsYZkgbvbJoHWjWuSqm4cBsQgmm1dit+Z+KhZEk4HXmE7FrS4oNnYRUzjsy1KCEQpMSJ7mR2GyQ8WjgfmRRRcgrSuRwRGbMcKqPCnsNOpMgnVsRx2sC9xkYfaCiNQiZ6kG8kFash+CazxTl871MJZzQkQ/aHXtU0OIOvvr7qILWZryEsdtXVEHJJmHuDdozegGi5szOeijy7xl/4mH7A/EdZ6tVdTabU1gkc9i7ao4YFXwYeJ2M0A65n4a0aSSt4BbbdyG+7bzcE7X9stiwWF0SIGN9J5lwnmVb6R2/E81oPD4qXQKwY3mO7ITDfE/OxN2Qrdm3sNmbChNY2gAl7lyK+ifEf1IW0PUjd2OZC9+aFijI1qZT1T3cFJFdTIKD7QB1f9+CdDAplxCHcFKcjwQbHUzT3xKHgkS3GxGQzN0tymdDQMB03I+EZd3asWEa9zsKEZTTppMilKLSupc8s5YQ1xUEbwXXO3qGM5dYy5NZjSS4KO4qGBErLapX7US3Okde6qZHbPr70+OKTUQdMS1o1hhpkUOhkcipCyVBXXTUMyo3GYpns1/ynwzPomh2dxGwo2rozYmhCmaSEdNp1zSQo06em6fvQmkF5CFDlOppKerWj40XCCTKnflJee35bjGjYRUCnx6k1K7EzdlYDcXxXhrc3mQ8XHcvUblsYgwWtaKADsymVmdFrnAcHGrjmdg2BbGKdiythaTKecjXv+fnqQUQ1lnvGv4KaKULOZPBISDORCMyVHDJEu3wn8712Jn1zXITczLWUyIDCC+RTnxKFDl+fw96TnUQNBnbGekVZAyl8a/wquxGbiFZnMS1do6+1BbAV8jA+oz1/MvepZTEstiDjRZEcSJ9yla+WuY2a6H3LdJlyGISK9SY51NqdaDMzpWZ7VC51PnvRJGeRgi1G5F496rC+qJZFnILkjWGNiTBBrJchtBOufzVVV4W4w3tArMTd4V1KJt8bGme8z98lnOhezGKnJIuI5wnce9NbEFBq7fdkhBa8bKnXMJgi9UpSl3pyd9gbeCwjEvFDNw4CnH5ySQTTrGa4iel7sBalsir0gvAhhDfSd0W8Tr6lXXHdWHe41LjtTrMznSIjXB+KjZVDRrJ2O7lew4kCE0NdFhh52uBz7lnPjHCVzFQlPLdkH3dFawlu6U0Y+KqmJZiKz6xIjbqmjLI8ZEylxl1HV1pMpqXUM0NYJX5KCE6VUdGgginegY0EjUsTTBcWhOijZPX8nYk2IBUZqNjHEZdUt48Ah7ViHRnUzIa3dSZnxKJzikZGnKTJI9pYB0nAHP8A6AmfSmEAB4mchlPhNVFosrhJxNaz2bggoznJTrxHKgauxvId2GXzVGvjdGZd2ukPmiyNivVwcA801nXlTJdvC92yAb0u0SWcxPY7lPyXFptbQc20O0Jz70bqrr2BeaXrfcZsTA1kwQKzP/FobivMxGYSwghgnMgz1HL5qslxCvZI2NH1NJFvnYGjtJ71H/8AKE5yPuQL2N+6fcoouGQMj2BKdaQzlRLT6fD+0SOqaCj6RwWzDCC7a4iQ6gaqltzGFsziNTVUkeFDnk73LOdJncuKNNbL4hPaHc43GZHrFJHYpIEdrqgion1jNYzmWTpi65IuACBQkcCQlBmtiWrAJzEuPb7pq0FoAAdhxNOTsVD2LECGXekSeJVjYgRQGmzUnxm9OkHQtVzXWW1Ag5tGsTnPZTWkqKDb3NmMIfPaZU2JJsaTsc5ZKawQmwmua0OlPpHEQXbCJZS2V61YRtHHOwua8EOGtpEq7pgjeNmStL1uWFKYjQ2GXpdfEJl22ENEhbA4bhIdk1QqWbxwTqo1iSuSXZA+jiQe5x2ZN1zOHqVhAtL3mQEt8h8FA2xMxHyzTuk74oyHZWCXlQODT8UDgFqORrK4/bl+kJjojm/1HU1auxSxITSKxf8AUqHmGH+qf8SuUAXNkBfEd0g+dMnTHVQkIMRYkO0TcS5rodamTQ10pAZUxca7lYGzw8+dMpimE8cu1QRrFCd/UI10bJDOi2sBQq5yPj1Y451oaSVLFG7uViyDAa6fOP4YDI8U2LAs5+27/BTOlP0KNaKfCSZDNMtUIiUwtBZrDBDgQ53+IU8Wywjrf2N+KKFOcXewLnFnm17M6fokzl97wKsdG2nnRISo7bs1zNVobddEB8p85StGs8SpoFgszMMzEEhSjUDoTvcJVIhoG7uUVpHRNNe74qUCz/eidjU2I2AR6UXsahcWbcpLW3ommtUVoh/Mwta+x2Y/ai/6hBRbts33o3+h8FqpsxszbIPzX4IiFC+a/BXYu2ygTxxh/h8FNBsdmEunF7G/BZy37f8Ap1ytgw0XACN5mzD7UXsCmZZ7MABii7Z4W/BNhCyudcgssNs5kTAGsySVpdzIAJIfE6wAuJ2qQOCuvUSBz7Se9UNjtLsUuj/gz4JJKyG5BNtJmuu2GHCZzlw7kWWBJJLqdzDWxA45qOAan51LqSWzhlqph3if+xHguNd0kkkyID3GOK47JJJCw0cu4+UVqfn3JJIXuECxxlxU2WIjVl2hJJaYRgTexpyLmg8JyQU8+GxdSXI5jA0fJK6Gj/tV1JYw0B3iJOAFBLJBB5nmupKGe5SgqzVFa5d6mhavgEklfSS0IQ31hFmNUkkkqeGPjsf/2Q==','Nhan sắc Top 10 Hoa hậu Việt Nam 2020','Đặng Vân Ly, Nguyễn Thị Thu Phương, Huỳnh Nguyễn Mai Phương... được xướng tên vào Top 10 Hoa hậu Việt Nam 2020, tối 20/10.','<h1 class=\"title-detail\" style=\"font-variant-numeric: normal; font-variant-east-asian: normal; font-weight: 700; font-stretch: normal; font-size: 2rem; line-height: normal; font-family: iCielDomaineText; margin: 0px 0px 15px; padding: 0px; font-feature-settings: &quot;pnum&quot;, &quot;lnum&quot;; color: rgb(51, 51, 51);\">Nhan sắc Top 10 Hoa hậu Việt Nam 2020</h1><p class=\"lead\" style=\"margin-right: 0px; margin-bottom: 15px; margin-left: 0px; padding: 0px; font-size: 17px; color: rgb(51, 51, 51); font-family: arial;\">Đặng Vân Ly, Nguyễn Thị Thu Phương, Huỳnh Nguyễn Mai Phương... được xướng tên vào Top 10 Hoa hậu Việt Nam 2020, tối 20/10.</p><article class=\"fck_detail width_common block_ads_connect\" style=\"font-variant-numeric: normal; font-variant-east-asian: normal; font-stretch: normal; font-size: 17px; line-height: 1.6; font-family: arial; margin: 0px; padding: 0px; width: 670px; float: left; position: relative; color: rgb(34, 34, 34);\"><figure data-size=\"true\" itemprop=\"associatedMedia image\" itemscope=\"\" itemtype=\"http://schema.org/ImageObject\" class=\"tplCaption action_thumb_added\" style=\"margin-right: auto; margin-bottom: 15px; margin-left: auto; padding: 0px; position: relative; max-width: 100%; clear: both; text-align: center; width: 670px; float: left;\"><div class=\"fig-picture\" style=\"margin: 0px; padding: 0px 0px 700px; width: 670px; float: left; display: table; -webkit-box-pack: center; justify-content: center; background: rgb(240, 238, 234); position: relative;\"><picture style=\"margin: 0px; padding: 0px;\"><source data-srcset=\"https://i1-ngoisao.vnecdn.net/2020/11/20/HOA-HAU-VIET-NAM-12-JPG-5673-1605889231.jpg?w=680&amp;h=0&amp;q=100&amp;dpr=1&amp;fit=crop&amp;s=KiSqEBhFeSz7m-N66hGCWA 1x, https://i1-ngoisao.vnecdn.net/2020/11/20/HOA-HAU-VIET-NAM-12-JPG-5673-1605889231.jpg?w=1020&amp;h=0&amp;q=100&amp;dpr=1&amp;fit=crop&amp;s=kUVErorlwBc7atYY1gVldQ 1.5x, https://i1-ngoisao.vnecdn.net/2020/11/20/HOA-HAU-VIET-NAM-12-JPG-5673-1605889231.jpg?w=680&amp;h=0&amp;q=100&amp;dpr=2&amp;fit=crop&amp;s=t63xGMSCO1hITp0ZrI53nA 2x\" srcset=\"https://i1-ngoisao.vnecdn.net/2020/11/20/HOA-HAU-VIET-NAM-12-JPG-5673-1605889231.jpg?w=680&amp;h=0&amp;q=100&amp;dpr=1&amp;fit=crop&amp;s=KiSqEBhFeSz7m-N66hGCWA 1x, https://i1-ngoisao.vnecdn.net/2020/11/20/HOA-HAU-VIET-NAM-12-JPG-5673-1605889231.jpg?w=1020&amp;h=0&amp;q=100&amp;dpr=1&amp;fit=crop&amp;s=kUVErorlwBc7atYY1gVldQ 1.5x, https://i1-ngoisao.vnecdn.net/2020/11/20/HOA-HAU-VIET-NAM-12-JPG-5673-1605889231.jpg?w=680&amp;h=0&amp;q=100&amp;dpr=2&amp;fit=crop&amp;s=t63xGMSCO1hITp0ZrI53nA 2x\" style=\"margin: 0px; padding: 0px;\"><img itemprop=\"contentUrl\" loading=\"lazy\" intrinsicsize=\"680x0\" alt=\"Màn công bố Top 10 được khán giả chờ đợi trong đêm chung kết Hoa hậu Việt Nam 2020. Nhờ đạt giải phụ Người đẹp Biển, Nguyễn Lê Ngọc Thảo (068, TP HCM) là người đầu tên được xướng tên. Trước đó, cô được đánh giá cao nhan sắc, hình thể gợi cảm và kỹ năng trình diễn. Cô cao 1,74 m, số đo ba vòng 81-61-95 cm. Người đẹp cũng có mặt trong  Top 5 Người đẹp Thời trang lẫn Người đẹp Biển.\" class=\"lazy lazied\" src=\"https://i1-ngoisao.vnecdn.net/2020/11/20/HOA-HAU-VIET-NAM-12-JPG-5673-1605889231.jpg?w=680&amp;h=0&amp;q=100&amp;dpr=1&amp;fit=crop&amp;s=KiSqEBhFeSz7m-N66hGCWA\" data-src=\"https://i1-ngoisao.vnecdn.net/2020/11/20/HOA-HAU-VIET-NAM-12-JPG-5673-1605889231.jpg?w=680&amp;h=0&amp;q=100&amp;dpr=1&amp;fit=crop&amp;s=KiSqEBhFeSz7m-N66hGCWA\" data-ll-status=\"loaded\" style=\"margin: 0px; padding: 0px; border: 0px; font-size: 0px; line-height: 0; max-width: 100%; position: absolute; top: 0px; left: 101.5px; max-height: 700px; width: 467px;\"></picture></div><figcaption itemprop=\"description\" style=\"margin: 0px; padding: 0px; width: 670px; float: left; text-align: left;\"><p class=\"Image\" style=\"margin-right: 0px; margin-bottom: 0px; margin-left: 0px; padding: 10px 0px 0px; font-variant-numeric: normal; font-variant-east-asian: normal; font-stretch: normal; font-size: 14px; line-height: 22.4px; text-rendering: optimizespeed;\">Màn công bố Top 10 được khán giả chờ đợi trong đêm chung kết Hoa hậu Việt Nam 2020. Nhờ đạt giải phụ \"Người đẹp Biển\", Nguyễn Lê Ngọc Thảo (số báo danh 068, TP HCM) là người đầu tên được xướng tên. Trước đó, cô được đánh giá cao nhan sắc, hình thể gợi cảm và kỹ năng trình diễn. Cô cao 1,74 m, số đo ba vòng 81-61-95 cm. Người đẹp cũng có mặt trong Top 5 \"Người đẹp Thời trang\" lẫn \"Người đẹp Biển\".</p></figcaption></figure><figure data-size=\"true\" itemprop=\"associatedMedia image\" itemscope=\"\" itemtype=\"http://schema.org/ImageObject\" class=\"tplCaption action_thumb_added\" style=\"margin-right: auto; margin-bottom: 15px; margin-left: auto; padding: 0px; position: relative; max-width: 100%; clear: both; text-align: center; width: 670px; float: left;\"><div class=\"fig-picture\" style=\"margin: 0px; padding: 0px 0px 700px; width: 670px; float: left; display: table; -webkit-box-pack: center; justify-content: center; background: rgb(240, 238, 234); position: relative;\"><picture style=\"margin: 0px; padding: 0px;\"><source data-srcset=\"https://i1-ngoisao.vnecdn.net/2020/11/20/HOA-HAU-VIET-NAM-6-6163-1605889231.jpg?w=680&amp;h=0&amp;q=100&amp;dpr=1&amp;fit=crop&amp;s=ZWvxCJRBmSsd3YMgztcMwg 1x, https://i1-ngoisao.vnecdn.net/2020/11/20/HOA-HAU-VIET-NAM-6-6163-1605889231.jpg?w=1020&amp;h=0&amp;q=100&amp;dpr=1&amp;fit=crop&amp;s=Z8rQYQ1IP_n2WrjFJyM45A 1.5x, https://i1-ngoisao.vnecdn.net/2020/11/20/HOA-HAU-VIET-NAM-6-6163-1605889231.jpg?w=680&amp;h=0&amp;q=100&amp;dpr=2&amp;fit=crop&amp;s=mdJEJBz8DOzIVW5oaMd17w 2x\" srcset=\"https://i1-ngoisao.vnecdn.net/2020/11/20/HOA-HAU-VIET-NAM-6-6163-1605889231.jpg?w=680&amp;h=0&amp;q=100&amp;dpr=1&amp;fit=crop&amp;s=ZWvxCJRBmSsd3YMgztcMwg 1x, https://i1-ngoisao.vnecdn.net/2020/11/20/HOA-HAU-VIET-NAM-6-6163-1605889231.jpg?w=1020&amp;h=0&amp;q=100&amp;dpr=1&amp;fit=crop&amp;s=Z8rQYQ1IP_n2WrjFJyM45A 1.5x, https://i1-ngoisao.vnecdn.net/2020/11/20/HOA-HAU-VIET-NAM-6-6163-1605889231.jpg?w=680&amp;h=0&amp;q=100&amp;dpr=2&amp;fit=crop&amp;s=mdJEJBz8DOzIVW5oaMd17w 2x\" style=\"margin: 0px; padding: 0px;\"><img itemprop=\"contentUrl\" loading=\"lazy\" intrinsicsize=\"680x0\" alt=\"Đặng Vân Ly (số báo danh 228, quê Hải Dương) là người thứ hai được xướng tên vào Top 10. Cô cao 1,76 m, số đo ba vòng 86-65-96 cm. Trước đó, cô lọt top 5 Người đẹp Du lịch và Người đẹp Nhân ái. Cô gái 22 tuổi cho biết hạnh phúc khi có mặt trong top 10. Công việc tiếp viên hàng tại Vietjet góp phần giúp cô tự tin, trưởng thành hơn.\" class=\"lazy lazied\" src=\"https://i1-ngoisao.vnecdn.net/2020/11/20/HOA-HAU-VIET-NAM-6-6163-1605889231.jpg?w=680&amp;h=0&amp;q=100&amp;dpr=1&amp;fit=crop&amp;s=ZWvxCJRBmSsd3YMgztcMwg\" data-src=\"https://i1-ngoisao.vnecdn.net/2020/11/20/HOA-HAU-VIET-NAM-6-6163-1605889231.jpg?w=680&amp;h=0&amp;q=100&amp;dpr=1&amp;fit=crop&amp;s=ZWvxCJRBmSsd3YMgztcMwg\" data-ll-status=\"loaded\" style=\"margin: 0px; padding: 0px; border: 0px; font-size: 0px; line-height: 0; max-width: 100%; position: absolute; top: 0px; left: 101.5px; max-height: 700px; width: 467px;\"></picture></div><figcaption itemprop=\"description\" style=\"margin: 0px; padding: 0px; width: 670px; float: left; text-align: left;\"><p class=\"Image\" style=\"margin-right: 0px; margin-bottom: 0px; margin-left: 0px; padding: 10px 0px 0px; font-variant-numeric: normal; font-variant-east-asian: normal; font-stretch: normal; font-size: 14px; line-height: 22.4px; text-rendering: optimizespeed;\">Đặng Vân Ly (số báo danh 228, quê Hải Dương) là người thứ hai được xướng tên vào Top 10. Cô cao 1,76 m, số đo ba vòng 86-65-96 cm. Trước đó, cô lọt top 5 Người đẹp Du lịch và Người đẹp Nhân ái. Cô gái 22 tuổi cho biết hạnh phúc khi có mặt trong top 10. Công việc tiếp viên hàng không tại Vietjet góp phần giúp cô tự tin, trưởng thành hơn.</p></figcaption></figure><figure data-size=\"true\" itemprop=\"associatedMedia image\" itemscope=\"\" itemtype=\"http://schema.org/ImageObject\" class=\"tplCaption action_thumb_added\" style=\"margin-right: auto; margin-bottom: 15px; margin-left: auto; padding: 0px; position: relative; max-width: 100%; clear: both; text-align: center; width: 670px; float: left;\"><div class=\"fig-picture\" style=\"margin: 0px; padding: 0px 0px 700px; width: 670px; float: left; display: table; -webkit-box-pack: center; justify-content: center; background: rgb(240, 238, 234); position: relative;\"><picture style=\"margin: 0px; padding: 0px;\"><source data-srcset=\"https://i1-ngoisao.vnecdn.net/2020/11/20/HOA-HAU-VIET-NAM-1-5994-1605889232.jpg?w=680&amp;h=0&amp;q=100&amp;dpr=1&amp;fit=crop&amp;s=BWecqa2ZciT2OgL3baA6_g 1x, https://i1-ngoisao.vnecdn.net/2020/11/20/HOA-HAU-VIET-NAM-1-5994-1605889232.jpg?w=1020&amp;h=0&amp;q=100&amp;dpr=1&amp;fit=crop&amp;s=uznWZLqy3dU_08yP9DzVbQ 1.5x, https://i1-ngoisao.vnecdn.net/2020/11/20/HOA-HAU-VIET-NAM-1-5994-1605889232.jpg?w=680&amp;h=0&amp;q=100&amp;dpr=2&amp;fit=crop&amp;s=jEDRweQGQQEHVOnvUNi_pg 2x\" srcset=\"https://i1-ngoisao.vnecdn.net/2020/11/20/HOA-HAU-VIET-NAM-1-5994-1605889232.jpg?w=680&amp;h=0&amp;q=100&amp;dpr=1&amp;fit=crop&amp;s=BWecqa2ZciT2OgL3baA6_g 1x, https://i1-ngoisao.vnecdn.net/2020/11/20/HOA-HAU-VIET-NAM-1-5994-1605889232.jpg?w=1020&amp;h=0&amp;q=100&amp;dpr=1&amp;fit=crop&amp;s=uznWZLqy3dU_08yP9DzVbQ 1.5x, https://i1-ngoisao.vnecdn.net/2020/11/20/HOA-HAU-VIET-NAM-1-5994-1605889232.jpg?w=680&amp;h=0&amp;q=100&amp;dpr=2&amp;fit=crop&amp;s=jEDRweQGQQEHVOnvUNi_pg 2x\" style=\"margin: 0px; padding: 0px;\"><img itemprop=\"contentUrl\" loading=\"lazy\" intrinsicsize=\"680x0\" alt=\"Nguyễn Thị Thu Phương (433, Bắc Ninh) sinh năm 2000, từng vào Top 5 Miss World Vietnam 2019, đăng quang cuộc thi Hoa khôi Kinh Bắc 2019. Nữ thí sinh có gương mặt đẹp, hình thể gợi cảm với chiều cao 1,75 m, số đo ba vòng 82-62-92 cm.\" class=\"lazy lazied\" src=\"https://i1-ngoisao.vnecdn.net/2020/11/20/HOA-HAU-VIET-NAM-1-5994-1605889232.jpg?w=680&amp;h=0&amp;q=100&amp;dpr=1&amp;fit=crop&amp;s=BWecqa2ZciT2OgL3baA6_g\" data-src=\"https://i1-ngoisao.vnecdn.net/2020/11/20/HOA-HAU-VIET-NAM-1-5994-1605889232.jpg?w=680&amp;h=0&amp;q=100&amp;dpr=1&amp;fit=crop&amp;s=BWecqa2ZciT2OgL3baA6_g\" data-ll-status=\"loaded\" style=\"margin: 0px; padding: 0px; border: 0px; font-size: 0px; line-height: 0; max-width: 100%; position: absolute; top: 0px; left: 101.5px; max-height: 700px; width: 467px;\"></picture></div><figcaption itemprop=\"description\" style=\"margin: 0px; padding: 0px; width: 670px; float: left; text-align: left;\"><p class=\"Image\" style=\"margin-right: 0px; margin-bottom: 0px; margin-left: 0px; padding: 10px 0px 0px; font-variant-numeric: normal; font-variant-east-asian: normal; font-stretch: normal; font-size: 14px; line-height: 22.4px; text-rendering: optimizespeed;\">Nguyễn Thị Thu Phương (433, Bắc Ninh) sinh năm 2000, từng vào Top 5 Miss World Vietnam 2019, đăng quang cuộc thi Hoa khôi Kinh Bắc 2019. Nữ thí sinh có gương mặt đẹp, hình thể gợi cảm với chiều cao 1,75 m, số đo ba vòng 82-62-92 cm.</p></figcaption></figure><div class=\"content-block\" style=\"margin: 0px; padding: 0px;\"><figure data-size=\"true\" itemprop=\"associatedMedia image\" itemscope=\"\" itemtype=\"http://schema.org/ImageObject\" class=\"tplCaption action_thumb_added\" style=\"margin-right: auto; margin-bottom: 15px; margin-left: auto; padding: 0px; position: relative; max-width: 100%; clear: both; text-align: center; width: 670px; float: left;\"><div class=\"fig-picture\" style=\"margin: 0px; padding: 0px 0px 700px; width: 670px; float: left; display: table; -webkit-box-pack: center; justify-content: center; background: rgb(240, 238, 234); position: relative;\"><picture style=\"margin: 0px; padding: 0px;\"><source data-srcset=\"https://i1-ngoisao.vnecdn.net/2020/11/20/HOA-HAU-VIET-NAM-15-9525-1605889232.jpg?w=680&amp;h=0&amp;q=100&amp;dpr=1&amp;fit=crop&amp;s=LUq4HFbUlERAFW4149VN2A 1x, https://i1-ngoisao.vnecdn.net/2020/11/20/HOA-HAU-VIET-NAM-15-9525-1605889232.jpg?w=1020&amp;h=0&amp;q=100&amp;dpr=1&amp;fit=crop&amp;s=KYc7gxCboKFDernljCFFNg 1.5x, https://i1-ngoisao.vnecdn.net/2020/11/20/HOA-HAU-VIET-NAM-15-9525-1605889232.jpg?w=680&amp;h=0&amp;q=100&amp;dpr=2&amp;fit=crop&amp;s=0AvLDioP12rSnNQ4Sx94-g 2x\" srcset=\"https://i1-ngoisao.vnecdn.net/2020/11/20/HOA-HAU-VIET-NAM-15-9525-1605889232.jpg?w=680&amp;h=0&amp;q=100&amp;dpr=1&amp;fit=crop&amp;s=LUq4HFbUlERAFW4149VN2A 1x, https://i1-ngoisao.vnecdn.net/2020/11/20/HOA-HAU-VIET-NAM-15-9525-1605889232.jpg?w=1020&amp;h=0&amp;q=100&amp;dpr=1&amp;fit=crop&amp;s=KYc7gxCboKFDernljCFFNg 1.5x, https://i1-ngoisao.vnecdn.net/2020/11/20/HOA-HAU-VIET-NAM-15-9525-1605889232.jpg?w=680&amp;h=0&amp;q=100&amp;dpr=2&amp;fit=crop&amp;s=0AvLDioP12rSnNQ4Sx94-g 2x\" style=\"margin: 0px; padding: 0px;\"><img itemprop=\"contentUrl\" loading=\"lazy\" intrinsicsize=\"680x0\" alt=\"Phạm Ngọc Phương Anh (045, TP HCM) cao 1,77 m, số đo ba vòng 82-61-90 cm, từng là Hoa khôi Áo dài Nữ sinh Việt Nam 2015. Phương Anh là thí sinh có thành tích học tập nổi trội, từng giành giải Ba cuộc thi học sinh giỏi quốc gia môn tiếng Pháp năm 2016, có bằng IELTS 8.0 (tiếng Anh), DELF C1 (tiếng Pháp, tương đương IELTS 8.0), nhận học bổng toàn phần bốn năm tại Đại học RMIT TP HCM. Với khả năng ăn nói lưu loát, cô vào Top 5 Người đẹp Tài năng nhờ bài thuyết trình tiếng Pháp - Việt.\" class=\"lazy lazied\" src=\"https://i1-ngoisao.vnecdn.net/2020/11/20/HOA-HAU-VIET-NAM-15-9525-1605889232.jpg?w=680&amp;h=0&amp;q=100&amp;dpr=1&amp;fit=crop&amp;s=LUq4HFbUlERAFW4149VN2A\" data-src=\"https://i1-ngoisao.vnecdn.net/2020/11/20/HOA-HAU-VIET-NAM-15-9525-1605889232.jpg?w=680&amp;h=0&amp;q=100&amp;dpr=1&amp;fit=crop&amp;s=LUq4HFbUlERAFW4149VN2A\" data-ll-status=\"loaded\" style=\"margin: 0px; padding: 0px; border: 0px; font-size: 0px; line-height: 0; max-width: 100%; position: absolute; top: 0px; left: 101.5px; max-height: 700px; width: 467px;\"></picture></div><figcaption itemprop=\"description\" style=\"margin: 0px; padding: 0px; width: 670px; float: left; text-align: left;\"><p class=\"Image\" style=\"margin-right: 0px; margin-bottom: 0px; margin-left: 0px; padding: 10px 0px 0px; font-variant-numeric: normal; font-variant-east-asian: normal; font-stretch: normal; font-size: 14px; line-height: 22.4px; text-rendering: optimizespeed;\">Phạm Ngọc Phương Anh (045, TP HCM) cao 1,77 m, số đo ba vòng 82-61-90 cm, từng là Hoa khôi Áo dài Nữ sinh Việt Nam 2015. Phương Anh là thí sinh có thành tích học tập nổi trội, từng giành giải Ba cuộc thi học sinh giỏi quốc gia môn tiếng Pháp năm 2016, có bằng IELTS 8.0 (tiếng Anh), DELF C1 (tiếng Pháp, tương đương IELTS 8.0), nhận học bổng toàn phần bốn năm tại Đại học RMIT TP HCM. Với khả năng ăn nói lưu loát, cô vào Top 5 \"Người đẹp Tài năng\" nhờ bài thuyết trình tiếng Pháp - Việt.</p></figcaption></figure><figure data-size=\"true\" itemprop=\"associatedMedia image\" itemscope=\"\" itemtype=\"http://schema.org/ImageObject\" class=\"tplCaption action_thumb_added\" style=\"margin-right: auto; margin-bottom: 15px; margin-left: auto; padding: 0px; position: relative; max-width: 100%; clear: both; text-align: center; width: 670px; float: left;\"><div class=\"fig-picture\" style=\"margin: 0px; padding: 0px 0px 700px; width: 670px; float: left; display: table; -webkit-box-pack: center; justify-content: center; background: rgb(240, 238, 234); position: relative;\"><picture style=\"margin: 0px; padding: 0px;\"><source data-srcset=\"https://i1-ngoisao.vnecdn.net/2020/11/20/HOA-HAU-VIET-NAM-10-8885-1605889233.jpg?w=680&amp;h=0&amp;q=100&amp;dpr=1&amp;fit=crop&amp;s=eFBKyzyyflxR6vPjADQcKA 1x, https://i1-ngoisao.vnecdn.net/2020/11/20/HOA-HAU-VIET-NAM-10-8885-1605889233.jpg?w=1020&amp;h=0&amp;q=100&amp;dpr=1&amp;fit=crop&amp;s=tu0-FPXSSyBqJRaTHpZ-Iw 1.5x, https://i1-ngoisao.vnecdn.net/2020/11/20/HOA-HAU-VIET-NAM-10-8885-1605889233.jpg?w=680&amp;h=0&amp;q=100&amp;dpr=2&amp;fit=crop&amp;s=jTBuUhbs_ZtAU0EAX9fwYg 2x\" srcset=\"https://i1-ngoisao.vnecdn.net/2020/11/20/HOA-HAU-VIET-NAM-10-8885-1605889233.jpg?w=680&amp;h=0&amp;q=100&amp;dpr=1&amp;fit=crop&amp;s=eFBKyzyyflxR6vPjADQcKA 1x, https://i1-ngoisao.vnecdn.net/2020/11/20/HOA-HAU-VIET-NAM-10-8885-1605889233.jpg?w=1020&amp;h=0&amp;q=100&amp;dpr=1&amp;fit=crop&amp;s=tu0-FPXSSyBqJRaTHpZ-Iw 1.5x, https://i1-ngoisao.vnecdn.net/2020/11/20/HOA-HAU-VIET-NAM-10-8885-1605889233.jpg?w=680&amp;h=0&amp;q=100&amp;dpr=2&amp;fit=crop&amp;s=jTBuUhbs_ZtAU0EAX9fwYg 2x\" style=\"margin: 0px; padding: 0px;\"><img itemprop=\"contentUrl\" loading=\"lazy\" intrinsicsize=\"680x0\" alt=\"Hoàng Bảo Trâm (088) sinh năm 1998, cao 1,71 m với số đo ba vòng là 77-60-93 cm. Thí sinh du học ở Mỹ từ năm lớp 11, tốt nghiệp Đại học Drexel chuyên ngành Quản trị Marketing và Phân tích dữ liệu. Sống xa nhà từ sớm, cô được rèn khả năng tự lập, tích cực tham gia phong trào của hội sinh viên trường và các tổ chức phi chính phủ. Bảo Trâm cũng nỗ lực để rút ngắn thời gian học và tốt nghiệp sớm một năm. Sau khi về nước, người đẹp trở thành chuyên viên truyền thông của Đại học Fulbright Việt Nam. Tại cuộc thi, cô nằm trong top thí sinh có trình độ học vấn cao nhất.\" class=\"lazy lazied\" src=\"https://i1-ngoisao.vnecdn.net/2020/11/20/HOA-HAU-VIET-NAM-10-8885-1605889233.jpg?w=680&amp;h=0&amp;q=100&amp;dpr=1&amp;fit=crop&amp;s=eFBKyzyyflxR6vPjADQcKA\" data-src=\"https://i1-ngoisao.vnecdn.net/2020/11/20/HOA-HAU-VIET-NAM-10-8885-1605889233.jpg?w=680&amp;h=0&amp;q=100&amp;dpr=1&amp;fit=crop&amp;s=eFBKyzyyflxR6vPjADQcKA\" data-ll-status=\"loaded\" style=\"margin: 0px; padding: 0px; border: 0px; font-size: 0px; line-height: 0; max-width: 100%; position: absolute; top: 0px; left: 101.5px; max-height: 700px; width: 467px;\"></picture></div><figcaption itemprop=\"description\" style=\"margin: 0px; padding: 0px; width: 670px; float: left; text-align: left;\"><p class=\"Image\" style=\"margin-right: 0px; margin-bottom: 0px; margin-left: 0px; padding: 10px 0px 0px; font-variant-numeric: normal; font-variant-east-asian: normal; font-stretch: normal; font-size: 14px; line-height: 22.4px; text-rendering: optimizespeed;\">Hoàng Bảo Trâm (088) sinh năm 1998, cao 1,71 m với số đo ba vòng là 77-60-93 cm. Thí sinh du học ở Mỹ từ năm lớp 11, tốt nghiệp Đại học Drexel chuyên ngành Quản trị Marketing và Phân tích dữ liệu. Sống xa nhà từ sớm, cô được rèn khả năng tự lập, tích cực tham gia phong trào của hội sinh viên trường và các tổ chức phi chính phủ. Bảo Trâm cũng nỗ lực để rút ngắn thời gian học và tốt nghiệp sớm một năm. Sau khi về nước, người đẹp trở thành chuyên viên truyền thông của Đại học Fulbright Việt Nam. Tại cuộc thi, cô nằm trong top thí sinh có trình độ học vấn cao nhất.</p></figcaption></figure><div class=\"sidebar-1\" style=\"margin: 0px 0px 30px; padding: 20px 0px 0px; width: 240px; max-width: calc(100% - 430px); position: relative;\"><figure data-size=\"true\" itemprop=\"associatedMedia image\" itemscope=\"\" itemtype=\"http://schema.org/ImageObject\" class=\"tplCaption action_thumb_added\" style=\"margin-right: auto; margin-bottom: 15px; margin-left: auto; padding: 0px; position: relative; max-width: 100%; clear: both; text-align: center; width: 240px; float: left;\"><div class=\"fig-picture\" style=\"margin: 0px; padding: 0px 0px 250.74px; width: 240px; float: left; display: table; -webkit-box-pack: center; justify-content: center; background: rgb(240, 238, 234); position: relative;\"><picture style=\"margin: 0px; padding: 0px;\"><source data-srcset=\"https://i1-ngoisao.vnecdn.net/2020/11/20/HOA-HAU-VIET-NAM-11-JPG-1889-1605889233.jpg?w=680&amp;h=0&amp;q=100&amp;dpr=1&amp;fit=crop&amp;s=Z6Gi-AGXf1rpfoSWPbh2vQ 1x, https://i1-ngoisao.vnecdn.net/2020/11/20/HOA-HAU-VIET-NAM-11-JPG-1889-1605889233.jpg?w=1020&amp;h=0&amp;q=100&amp;dpr=1&amp;fit=crop&amp;s=DH-uT0Oys79E4GWlFCBfmw 1.5x, https://i1-ngoisao.vnecdn.net/2020/11/20/HOA-HAU-VIET-NAM-11-JPG-1889-1605889233.jpg?w=680&amp;h=0&amp;q=100&amp;dpr=2&amp;fit=crop&amp;s=dlAD4uFTcjFIxZQl2IRK0w 2x\" srcset=\"https://i1-ngoisao.vnecdn.net/2020/11/20/HOA-HAU-VIET-NAM-11-JPG-1889-1605889233.jpg?w=680&amp;h=0&amp;q=100&amp;dpr=1&amp;fit=crop&amp;s=Z6Gi-AGXf1rpfoSWPbh2vQ 1x, https://i1-ngoisao.vnecdn.net/2020/11/20/HOA-HAU-VIET-NAM-11-JPG-1889-1605889233.jpg?w=1020&amp;h=0&amp;q=100&amp;dpr=1&amp;fit=crop&amp;s=DH-uT0Oys79E4GWlFCBfmw 1.5x, https://i1-ngoisao.vnecdn.net/2020/11/20/HOA-HAU-VIET-NAM-11-JPG-1889-1605889233.jpg?w=680&amp;h=0&amp;q=100&amp;dpr=2&amp;fit=crop&amp;s=dlAD4uFTcjFIxZQl2IRK0w 2x\" style=\"margin: 0px; padding: 0px;\"><img itemprop=\"contentUrl\" loading=\"lazy\" intrinsicsize=\"680x0\" alt=\"Huỳnh Nguyễn Mai Phương (093, Đồng Nai) cao 1,7 m, số đo ba vòng 77-62-90 cm, có mặt mộc đẹp. Cô từng giành giải nhì và giải ba học sinh giỏi tiếng Anh cấp tỉnh năm 2017 và 2018. Trong vòng chung kết, cô được giám khảo đánh giá cao, vào Top 5 Người đẹp Tài năng lẫn Người đẹp Du lịch. Mai Phương hội đủ nhiều thế mạnh như nhan sắc, chiều cao lẫn trình độ học vấn và ngoại ngữ.\" class=\"lazy lazied\" src=\"https://i1-ngoisao.vnecdn.net/2020/11/20/HOA-HAU-VIET-NAM-11-JPG-1889-1605889233.jpg?w=680&amp;h=0&amp;q=100&amp;dpr=1&amp;fit=crop&amp;s=Z6Gi-AGXf1rpfoSWPbh2vQ\" data-src=\"https://i1-ngoisao.vnecdn.net/2020/11/20/HOA-HAU-VIET-NAM-11-JPG-1889-1605889233.jpg?w=680&amp;h=0&amp;q=100&amp;dpr=1&amp;fit=crop&amp;s=Z6Gi-AGXf1rpfoSWPbh2vQ\" data-ll-status=\"loaded\" style=\"margin: 0px; padding: 0px; border: 0px; font-size: 0px; line-height: 0; max-width: 100%; position: absolute; top: 0px; left: 101.5px; max-height: 700px; width: 467px;\"></picture></div><figcaption itemprop=\"description\" style=\"margin: 0px; padding: 0px; width: 240px; float: left; text-align: left;\"><p class=\"Image\" style=\"margin-right: 0px; margin-bottom: 0px; margin-left: 0px; padding: 10px 0px 0px; font-variant-numeric: normal; font-variant-east-asian: normal; font-stretch: normal; font-size: 14px; line-height: 22.4px; text-rendering: optimizespeed;\">Huỳnh Nguyễn Mai Phương (093, Đồng Nai) cao 1,7 m, số đo ba vòng 77-62-90 cm, có mặt mộc đẹp. Cô từng giành giải nhì và giải ba học sinh giỏi tiếng Anh cấp tỉnh năm 2017 và 2018. Trong vòng chung kết, cô được giám khảo đánh giá cao, vào Top 5 \"Người đẹp Tài năng\" lẫn \"Người đẹp Du lịch\". Mai Phương hội đủ nhiều thế mạnh như nhan sắc, chiều cao lẫn trình độ học vấn và ngoại ngữ.</p></figcaption></figure></div><figure data-size=\"true\" itemprop=\"associatedMedia image\" itemscope=\"\" itemtype=\"http://schema.org/ImageObject\" class=\"tplCaption action_thumb_added\" style=\"margin-right: auto; margin-bottom: 15px; margin-left: auto; padding: 0px; position: relative; max-width: 100%; clear: both; text-align: center; width: 670px; float: left;\"><div class=\"fig-picture\" style=\"margin: 0px; padding: 0px 0px 700px; width: 670px; float: left; display: table; -webkit-box-pack: center; justify-content: center; background: rgb(240, 238, 234); position: relative;\"><picture style=\"margin: 0px; padding: 0px;\"><source data-srcset=\"https://i1-ngoisao.vnecdn.net/2020/11/20/HOA-HAU-VIET-NAM-14-JPG-1777-1605889234.jpg?w=680&amp;h=0&amp;q=100&amp;dpr=1&amp;fit=crop&amp;s=d74lKfiQ1tzoMcEHQMNKeg 1x, https://i1-ngoisao.vnecdn.net/2020/11/20/HOA-HAU-VIET-NAM-14-JPG-1777-1605889234.jpg?w=1020&amp;h=0&amp;q=100&amp;dpr=1&amp;fit=crop&amp;s=M-9ib4Feo4pfPJeh2kP5CA 1.5x, https://i1-ngoisao.vnecdn.net/2020/11/20/HOA-HAU-VIET-NAM-14-JPG-1777-1605889234.jpg?w=680&amp;h=0&amp;q=100&amp;dpr=2&amp;fit=crop&amp;s=OxPyYQej802Gl5KKygK5qg 2x\" srcset=\"https://i1-ngoisao.vnecdn.net/2020/11/20/HOA-HAU-VIET-NAM-14-JPG-1777-1605889234.jpg?w=680&amp;h=0&amp;q=100&amp;dpr=1&amp;fit=crop&amp;s=d74lKfiQ1tzoMcEHQMNKeg 1x, https://i1-ngoisao.vnecdn.net/2020/11/20/HOA-HAU-VIET-NAM-14-JPG-1777-1605889234.jpg?w=1020&amp;h=0&amp;q=100&amp;dpr=1&amp;fit=crop&amp;s=M-9ib4Feo4pfPJeh2kP5CA 1.5x, https://i1-ngoisao.vnecdn.net/2020/11/20/HOA-HAU-VIET-NAM-14-JPG-1777-1605889234.jpg?w=680&amp;h=0&amp;q=100&amp;dpr=2&amp;fit=crop&amp;s=OxPyYQej802Gl5KKygK5qg 2x\" style=\"margin: 0px; padding: 0px;\"><img itemprop=\"contentUrl\" loading=\"lazy\" intrinsicsize=\"680x0\" alt=\"Lê Thị Tường Vy (151, Quảng Ngãi) cao 1,76 m, số đo ba vòng 86-64-93 cm. Cô có nhan sắc, hình thể đẹp, tuy nhiên chưa tạo được sự chú ý nhiều trong cuộc thi, ngoại trừ danh hiệu Top 5 Người đẹp Biển. Trước cuộc thi này, người đẹp từng đăng quang Hoa khôi Đại học Nam Cần Thơ năm 2020.\" class=\"lazy lazied\" src=\"https://i1-ngoisao.vnecdn.net/2020/11/20/HOA-HAU-VIET-NAM-14-JPG-1777-1605889234.jpg?w=680&amp;h=0&amp;q=100&amp;dpr=1&amp;fit=crop&amp;s=d74lKfiQ1tzoMcEHQMNKeg\" data-src=\"https://i1-ngoisao.vnecdn.net/2020/11/20/HOA-HAU-VIET-NAM-14-JPG-1777-1605889234.jpg?w=680&amp;h=0&amp;q=100&amp;dpr=1&amp;fit=crop&amp;s=d74lKfiQ1tzoMcEHQMNKeg\" data-ll-status=\"loaded\" style=\"margin: 0px; padding: 0px; border: 0px; font-size: 0px; line-height: 0; max-width: 100%; position: absolute; top: 0px; left: 101.5px; max-height: 700px; width: 467px;\"></picture></div><figcaption itemprop=\"description\" style=\"margin: 0px; padding: 0px; width: 670px; float: left; text-align: left;\"><p class=\"Image\" style=\"margin-right: 0px; margin-bottom: 0px; margin-left: 0px; padding: 10px 0px 0px; font-variant-numeric: normal; font-variant-east-asian: normal; font-stretch: normal; font-size: 14px; line-height: 22.4px; text-rendering: optimizespeed;\">Lê Thị Tường Vy (151, Quảng Ngãi) cao 1,76 m, số đo ba vòng 86-64-93 cm. Cô có nhan sắc, hình thể đẹp, tuy nhiên chưa tạo được sự chú ý nhiều trong cuộc thi, ngoại trừ danh hiệu Top 5 \"Người đẹp Biển\". Trước cuộc thi này, người đẹp từng đăng quang Hoa khôi Đại học Nam Cần Thơ năm 2020.</p></figcaption></figure><figure data-size=\"true\" itemprop=\"associatedMedia image\" itemscope=\"\" itemtype=\"http://schema.org/ImageObject\" class=\"tplCaption action_thumb_added\" style=\"margin-right: auto; margin-bottom: 15px; margin-left: auto; padding: 0px; position: relative; max-width: 100%; clear: both; text-align: center; width: 670px; float: left;\"><div class=\"fig-picture\" style=\"margin: 0px; padding: 0px 0px 700px; width: 670px; float: left; display: table; -webkit-box-pack: center; justify-content: center; background: rgb(240, 238, 234); position: relative;\"><picture style=\"margin: 0px; padding: 0px;\"><source data-srcset=\"https://i1-ngoisao.vnecdn.net/2020/11/20/HOA-HAU-VIET-NAM-2-3623-1605889234.jpg?w=680&amp;h=0&amp;q=100&amp;dpr=1&amp;fit=crop&amp;s=y0iR7k_uzs3us8OCtdNzuA 1x, https://i1-ngoisao.vnecdn.net/2020/11/20/HOA-HAU-VIET-NAM-2-3623-1605889234.jpg?w=1020&amp;h=0&amp;q=100&amp;dpr=1&amp;fit=crop&amp;s=XuiEsPZX0ivD4J5bxndPqQ 1.5x, https://i1-ngoisao.vnecdn.net/2020/11/20/HOA-HAU-VIET-NAM-2-3623-1605889234.jpg?w=680&amp;h=0&amp;q=100&amp;dpr=2&amp;fit=crop&amp;s=GeyaV32lc0f5g2O4rN-4wA 2x\" srcset=\"https://i1-ngoisao.vnecdn.net/2020/11/20/HOA-HAU-VIET-NAM-2-3623-1605889234.jpg?w=680&amp;h=0&amp;q=100&amp;dpr=1&amp;fit=crop&amp;s=y0iR7k_uzs3us8OCtdNzuA 1x, https://i1-ngoisao.vnecdn.net/2020/11/20/HOA-HAU-VIET-NAM-2-3623-1605889234.jpg?w=1020&amp;h=0&amp;q=100&amp;dpr=1&amp;fit=crop&amp;s=XuiEsPZX0ivD4J5bxndPqQ 1.5x, https://i1-ngoisao.vnecdn.net/2020/11/20/HOA-HAU-VIET-NAM-2-3623-1605889234.jpg?w=680&amp;h=0&amp;q=100&amp;dpr=2&amp;fit=crop&amp;s=GeyaV32lc0f5g2O4rN-4wA 2x\" style=\"margin: 0px; padding: 0px;\"><img itemprop=\"contentUrl\" loading=\"lazy\" intrinsicsize=\"680x0\" alt=\"Doãn Hải My (319, Hà Nội) gây sốt từ vòng hồ sơ nhờ nhan sắc ngọt ngào, thanh lịch. Dù chỉ cao 1,67 m, người đẹp tỏa sáng liên tiếp trong các đêm thi phụ với hình thể đẹp (số đo ba vòng 78-56-89 cm), thần thái rạng rỡ, tự tin. Cô nữ sinh Đại học Luật Hà Nội giỏi tiếng Anh, có năng khiếu đàn piano và hát, được vào Top 5 Người đẹp Tài năng.\" class=\"lazy lazied\" src=\"https://i1-ngoisao.vnecdn.net/2020/11/20/HOA-HAU-VIET-NAM-2-3623-1605889234.jpg?w=680&amp;h=0&amp;q=100&amp;dpr=1&amp;fit=crop&amp;s=y0iR7k_uzs3us8OCtdNzuA\" data-src=\"https://i1-ngoisao.vnecdn.net/2020/11/20/HOA-HAU-VIET-NAM-2-3623-1605889234.jpg?w=680&amp;h=0&amp;q=100&amp;dpr=1&amp;fit=crop&amp;s=y0iR7k_uzs3us8OCtdNzuA\" data-ll-status=\"loaded\" style=\"margin: 0px; padding: 0px; border: 0px; font-size: 0px; line-height: 0; max-width: 100%; position: absolute; top: 0px; left: 101.5px; max-height: 700px; width: 467px;\"></picture></div><figcaption itemprop=\"description\" style=\"margin: 0px; padding: 0px; width: 670px; float: left; text-align: left;\"><p class=\"Image\" style=\"margin-right: 0px; margin-bottom: 0px; margin-left: 0px; padding: 10px 0px 0px; font-variant-numeric: normal; font-variant-east-asian: normal; font-stretch: normal; font-size: 14px; line-height: 22.4px; text-rendering: optimizespeed;\">Doãn Hải My (319, Hà Nội) gây \"sốt\" từ vòng hồ sơ nhờ&nbsp;<a href=\"https://vnexpress.net/nhan-sac-doi-thuong-cua-dan-thi-sinh-hoa-hau-viet-nam-4192061.html\" rel=\"dofollow\" target=\"_blank\" style=\"margin: 0px; padding: 0px; color: rgb(7, 109, 182); text-decoration-line: underline; position: relative; text-underline-position: under;\">nhan sắc</a>&nbsp;ngọt ngào, thanh lịch. Dù chỉ cao 1,67 m, người đẹp tỏa sáng liên tiếp trong các đêm thi phụ với hình thể đẹp (số đo ba vòng 78-56-89 cm), thần thái rạng rỡ, tự tin. Cô nữ sinh Đại học Luật Hà Nội giỏi tiếng Anh, có năng khiếu đàn piano và hát, được vào Top 5 \"Người đẹp Tài năng\".</p></figcaption></figure><figure data-size=\"true\" itemprop=\"associatedMedia image\" itemscope=\"\" itemtype=\"http://schema.org/ImageObject\" class=\"tplCaption action_thumb_added\" style=\"margin-right: auto; margin-bottom: 15px; margin-left: auto; padding: 0px; position: relative; max-width: 100%; clear: both; text-align: center; width: 670px; float: left;\"><div class=\"fig-picture\" style=\"margin: 0px; padding: 0px 0px 700px; width: 670px; float: left; display: table; -webkit-box-pack: center; justify-content: center; background: rgb(240, 238, 234); position: relative;\"><picture style=\"margin: 0px; padding: 0px;\"><source data-srcset=\"https://i1-ngoisao.vnecdn.net/2020/11/20/HOA-HAU-VIET-NAM-9-5979-1605889235.jpg?w=680&amp;h=0&amp;q=100&amp;dpr=1&amp;fit=crop&amp;s=cXpZd2O0sKLQ_gTs1ScveQ 1x, https://i1-ngoisao.vnecdn.net/2020/11/20/HOA-HAU-VIET-NAM-9-5979-1605889235.jpg?w=1020&amp;h=0&amp;q=100&amp;dpr=1&amp;fit=crop&amp;s=Ojx2zQOkLB1o3_1AYnWYVA 1.5x, https://i1-ngoisao.vnecdn.net/2020/11/20/HOA-HAU-VIET-NAM-9-5979-1605889235.jpg?w=680&amp;h=0&amp;q=100&amp;dpr=2&amp;fit=crop&amp;s=I96mkeLNPovI3r7WFkfsXg 2x\" srcset=\"https://i1-ngoisao.vnecdn.net/2020/11/20/HOA-HAU-VIET-NAM-9-5979-1605889235.jpg?w=680&amp;h=0&amp;q=100&amp;dpr=1&amp;fit=crop&amp;s=cXpZd2O0sKLQ_gTs1ScveQ 1x, https://i1-ngoisao.vnecdn.net/2020/11/20/HOA-HAU-VIET-NAM-9-5979-1605889235.jpg?w=1020&amp;h=0&amp;q=100&amp;dpr=1&amp;fit=crop&amp;s=Ojx2zQOkLB1o3_1AYnWYVA 1.5x, https://i1-ngoisao.vnecdn.net/2020/11/20/HOA-HAU-VIET-NAM-9-5979-1605889235.jpg?w=680&amp;h=0&amp;q=100&amp;dpr=2&amp;fit=crop&amp;s=I96mkeLNPovI3r7WFkfsXg 2x\" style=\"margin: 0px; padding: 0px;\"><img itemprop=\"contentUrl\" loading=\"lazy\" intrinsicsize=\"680x0\" alt=\"Đỗ Thị Hà (245, Thanh Hóa) cao 1,75 m, số đo ba vòng 80-60-90 cm, là sinh viên Đại học Kinh tế quốc dân Hà Nội. Cô có nhan sắc ngọt ngào, trình độ học vấn tốt. Đỗ Thị Hà là trường hợp lột xác rõ ràng nhất trong số các thí sinh. Trước vòng chung kết, cô không nổi bật. Tuy nhiên, sau hai đêm thi phụ, cô tỏa sáng, vào Top 5 Người đẹp Thời trang và Người đẹp Biển.\" class=\"lazy lazied\" src=\"https://i1-ngoisao.vnecdn.net/2020/11/20/HOA-HAU-VIET-NAM-9-5979-1605889235.jpg?w=680&amp;h=0&amp;q=100&amp;dpr=1&amp;fit=crop&amp;s=cXpZd2O0sKLQ_gTs1ScveQ\" data-src=\"https://i1-ngoisao.vnecdn.net/2020/11/20/HOA-HAU-VIET-NAM-9-5979-1605889235.jpg?w=680&amp;h=0&amp;q=100&amp;dpr=1&amp;fit=crop&amp;s=cXpZd2O0sKLQ_gTs1ScveQ\" data-ll-status=\"loaded\" style=\"margin: 0px; padding: 0px; border: 0px; font-size: 0px; line-height: 0; max-width: 100%; position: absolute; top: 0px; left: 101.5px; max-height: 700px; width: 467px;\"></picture></div><figcaption itemprop=\"description\" style=\"margin: 0px; padding: 0px; width: 670px; float: left; text-align: left;\"><p class=\"Image\" style=\"margin-right: 0px; margin-bottom: 0px; margin-left: 0px; padding: 10px 0px 0px; font-variant-numeric: normal; font-variant-east-asian: normal; font-stretch: normal; font-size: 14px; line-height: 22.4px; text-rendering: optimizespeed;\">Đỗ Thị Hà (245, Thanh Hóa) cao 1,75 m, số đo ba vòng 80-60-90 cm, là sinh viên Đại học Kinh tế quốc dân Hà Nội. Cô có nhan sắc ngọt ngào, trình độ học vấn tốt. Đỗ Thị Hà là trường hợp \"lột xác\" rõ ràng nhất trong số các thí sinh. Trước vòng chung kết, cô không nổi bật. Tuy nhiên, sau hai đêm thi phụ, cô tỏa sáng, vào Top 5 \"Người đẹp Thời trang\" và \"Người đẹp Biển\".</p></figcaption></figure><figure data-size=\"true\" itemprop=\"associatedMedia image\" itemscope=\"\" itemtype=\"http://schema.org/ImageObject\" class=\"tplCaption action_thumb_added\" style=\"margin-right: auto; margin-bottom: 15px; margin-left: auto; padding: 0px; position: relative; max-width: 100%; clear: both; text-align: center; width: 670px; float: left;\"><div class=\"action_thumb flexbox\" style=\"margin: 0px; padding: 0px; display: flex; position: absolute; top: 10px; right: 10px; background: rgb(23, 25, 26); height: 32px; border-radius: 3px; z-index: 9; transform-origin: 0px 0px; opacity: 1; transform: scale(1, 1);\"><a class=\"share_photo\" data-type=\"fb\" data-reference-id=\"0\" style=\"margin: 0px; padding: 0px 10px; color: rgb(255, 255, 255); text-decoration-line: underline; position: relative; text-underline-position: under; height: 32px; line-height: 30px;\"><svg class=\"ic ic-facebook\"><use xlink:href=\"#Facebook\"></use></svg></a><a class=\"share_photo\" data-type=\"tw\" data-reference-id=\"0\" style=\"margin: 0px; padding: 0px 10px; color: rgb(255, 255, 255); text-decoration-line: underline; position: relative; text-underline-position: under; height: 32px; line-height: 30px;\"><svg class=\"ic ic-twitte\"><use xlink:href=\"#Twitter\"></use></svg></a><a class=\"vne_zoom\" style=\"margin: 0px; padding: 0px 10px; color: rgb(255, 255, 255); text-decoration-line: underline; position: relative; text-underline-position: under; height: 32px; line-height: 30px; transform-origin: 0px 0px; opacity: 1; transform: scale(1, 1);\"><svg class=\"ic ic-zoom\"><use xlink:href=\"#Zoom\"></use></svg></a></div><div class=\"fig-picture\" style=\"margin: 0px; padding: 0px 0px 700px; width: 670px; float: left; display: table; -webkit-box-pack: center; justify-content: center; background: rgb(240, 238, 234); position: relative;\"><picture style=\"margin: 0px; padding: 0px;\"><source data-srcset=\"https://i1-ngoisao.vnecdn.net/2020/11/20/hoa-hau-viet-nam-4-1605888805-5039-1605889236.jpg?w=680&amp;h=0&amp;q=100&amp;dpr=1&amp;fit=crop&amp;s=6VEIfTzCPGfBvXDNoiepaw 1x, https://i1-ngoisao.vnecdn.net/2020/11/20/hoa-hau-viet-nam-4-1605888805-5039-1605889236.jpg?w=1020&amp;h=0&amp;q=100&amp;dpr=1&amp;fit=crop&amp;s=Mg2mokwymbQYkAV0t6cP_A 1.5x, https://i1-ngoisao.vnecdn.net/2020/11/20/hoa-hau-viet-nam-4-1605888805-5039-1605889236.jpg?w=680&amp;h=0&amp;q=100&amp;dpr=2&amp;fit=crop&amp;s=d3LjkxhtRAH10kN5vUPAlA 2x\" srcset=\"https://i1-ngoisao.vnecdn.net/2020/11/20/hoa-hau-viet-nam-4-1605888805-5039-1605889236.jpg?w=680&amp;h=0&amp;q=100&amp;dpr=1&amp;fit=crop&amp;s=6VEIfTzCPGfBvXDNoiepaw 1x, https://i1-ngoisao.vnecdn.net/2020/11/20/hoa-hau-viet-nam-4-1605888805-5039-1605889236.jpg?w=1020&amp;h=0&amp;q=100&amp;dpr=1&amp;fit=crop&amp;s=Mg2mokwymbQYkAV0t6cP_A 1.5x, https://i1-ngoisao.vnecdn.net/2020/11/20/hoa-hau-viet-nam-4-1605888805-5039-1605889236.jpg?w=680&amp;h=0&amp;q=100&amp;dpr=2&amp;fit=crop&amp;s=d3LjkxhtRAH10kN5vUPAlA 2x\" style=\"margin: 0px; padding: 0px;\"><img itemprop=\"contentUrl\" loading=\"lazy\" intrinsicsize=\"680x0\" alt=\"Phạm Thị Phương Quỳnh (146, Đồng Nai) cao 1,74 m, số đo ba vòng 78-62-94 cm. Cô được chú ý ngay từ khi hình ảnh xuất hiện trên fanpage Hoa hậu Việt Nam. Một số khán giả nói cô có vẻ đẹp trong trẻo, dịu dàng. Theo học ngành Kinh doanh Quốc tế, Đại học Tài Chính - Marketing TP HCM, cô hoạt động phong trào sôi nổi, là thành viên câu lạc bộ lễ tân của trường. Suốt cuộc thi, Phương Quỳnh thể hiện phong độ ổn định.\" class=\"lazy lazied\" src=\"https://i1-ngoisao.vnecdn.net/2020/11/20/hoa-hau-viet-nam-4-1605888805-5039-1605889236.jpg?w=680&amp;h=0&amp;q=100&amp;dpr=1&amp;fit=crop&amp;s=6VEIfTzCPGfBvXDNoiepaw\" data-src=\"https://i1-ngoisao.vnecdn.net/2020/11/20/hoa-hau-viet-nam-4-1605888805-5039-1605889236.jpg?w=680&amp;h=0&amp;q=100&amp;dpr=1&amp;fit=crop&amp;s=6VEIfTzCPGfBvXDNoiepaw\" data-ll-status=\"loaded\" style=\"margin: 0px; padding: 0px; border: 0px; font-size: 0px; line-height: 0; max-width: 100%; position: absolute; top: 0px; left: 101.5px; max-height: 700px; width: 467px;\"></picture></div><figcaption itemprop=\"description\" style=\"margin: 0px; padding: 0px; width: 670px; float: left; text-align: left;\"><p class=\"Image\" style=\"margin-right: 0px; margin-bottom: 0px; margin-left: 0px; padding: 10px 0px 0px; font-variant-numeric: normal; font-variant-east-asian: normal; font-stretch: normal; font-size: 14px; line-height: 22.4px; text-rendering: optimizespeed;\">Phạm Thị Phương Quỳnh (146, Đồng Nai) cao 1,74 m, số đo ba vòng 78-62-94 cm. Cô được chú ý ngay từ khi hình ảnh xuất hiện trên fanpage Hoa hậu Việt Nam. Một số khán giả nói cô có vẻ đẹp trong trẻo, dịu dàng. Theo học ngành Kinh doanh Quốc tế, Đại học Tài Chính - Marketing TP HCM, cô hoạt động phong trào sôi nổi, là thành viên câu lạc bộ lễ tân của trường. Suốt cuộc thi, Phương Quỳnh thể hiện phong độ ổn định.</p></figcaption></figure></div></article>','0'),(8,'http://hhvn.com.vn/wp-content/uploads/2016/05/BF7A0301_UGIY.JPG-1.jpg','Hoa khôi Nam Em muốn dự thi Hoa hậu Việt Nam 2016','Người đẹp bày tỏ mong muốn tiếp tục thử sức tại cuộc thi Hoa hậu Việt Nam 2016 sau khi lọt vào top 38 Hoa hậu Việt Nam 2014.','<div class=\"sapo\" style=\"box-sizing: inherit; color: rgb(51, 51, 51); font-family: Arial, Roboto, Merriweather, Georgia, sans-serif; font-size: 16px; text-align: justify; background-color: rgb(255, 255, 255);\">Người đẹp bày tỏ mong muốn tiếp tục thử sức tại cuộc thi Hoa hậu Việt Nam 2016 sau khi lọt vào top 38 Hoa hậu Việt Nam 2014.</div><div class=\"sapo\" style=\"box-sizing: inherit; color: rgb(51, 51, 51); font-family: Arial, Roboto, Merriweather, Georgia, sans-serif; font-size: 16px; text-align: justify; background-color: rgb(255, 255, 255);\"></div><div class=\"article-photo inlinephoto\" style=\"box-sizing: inherit; padding: 0px; color: rgb(51, 51, 51); font-family: Arial, Roboto, Merriweather, Georgia, sans-serif; font-size: 16px; text-align: justify; background-color: rgb(255, 255, 255);\"><img src=\"http://images.tienphong.vn/Uploaded/duynam/2016_04_10/BF7A0166_ECIQ.JPG\" alt=\"\" width=\"440\" style=\"box-sizing: inherit; border: 0px; height: auto; max-width: 100%; width: 769.99px; margin-bottom: 15px; margin-top: 25px;\"></div><div class=\"article-photo inlinephoto\" style=\"box-sizing: inherit; padding: 0px; color: rgb(51, 51, 51); font-family: Arial, Roboto, Merriweather, Georgia, sans-serif; font-size: 16px; text-align: justify; background-color: rgb(255, 255, 255);\"></div><div class=\"article-photo inlinephoto\" style=\"box-sizing: inherit; padding: 0px; color: rgb(51, 51, 51); font-family: Arial, Roboto, Merriweather, Georgia, sans-serif; font-size: 16px; text-align: justify; background-color: rgb(255, 255, 255);\"><span class=\"fig\" style=\"box-sizing: inherit; display: block; font-style: italic; text-align: center;\">Hoa khôi Đồng Bằng Sông Cửu Long 2015 Nguyễn Thị Lệ Nam Em xuất hiện đầy xinh đẹp và quyến rũ trong bộ ảnh mới.</span></div><div class=\"article-photo inlinephoto\" style=\"box-sizing: inherit; padding: 0px; color: rgb(51, 51, 51); font-family: Arial, Roboto, Merriweather, Georgia, sans-serif; font-size: 16px; text-align: justify; background-color: rgb(255, 255, 255);\"></div><div class=\"article-photo inlinephoto\" style=\"box-sizing: inherit; padding: 0px; color: rgb(51, 51, 51); font-family: Arial, Roboto, Merriweather, Georgia, sans-serif; font-size: 16px; text-align: justify; background-color: rgb(255, 255, 255);\"><img src=\"http://images.tienphong.vn/Uploaded/duynam/2016_04_10/BF7A0131_WRLI.JPG\" alt=\"\" width=\"440\" style=\"box-sizing: inherit; border: 0px; height: auto; max-width: 100%; width: 769.99px; margin-bottom: 15px; margin-top: 25px;\"></div><div class=\"article-photo inlinephoto\" style=\"box-sizing: inherit; padding: 0px; color: rgb(51, 51, 51); font-family: Arial, Roboto, Merriweather, Georgia, sans-serif; font-size: 16px; text-align: justify; background-color: rgb(255, 255, 255);\"></div><div class=\"article-photo inlinephoto\" style=\"box-sizing: inherit; padding: 0px; color: rgb(51, 51, 51); font-family: Arial, Roboto, Merriweather, Georgia, sans-serif; font-size: 16px; text-align: justify; background-color: rgb(255, 255, 255);\"></div><div class=\"article-photo inlinephoto\" style=\"box-sizing: inherit; padding: 0px; color: rgb(51, 51, 51); font-family: Arial, Roboto, Merriweather, Georgia, sans-serif; font-size: 16px; text-align: justify; background-color: rgb(255, 255, 255);\"><span class=\"fig\" style=\"box-sizing: inherit; display: block; font-style: italic; text-align: center;\">Người đẹp tiết lộ thời gian này cô đang dành toàn bộ thời gian cho việc tập luyện hình thể, luyện thanh.</span></div><div class=\"article-photo inlinephoto\" style=\"box-sizing: inherit; padding: 0px; color: rgb(51, 51, 51); font-family: Arial, Roboto, Merriweather, Georgia, sans-serif; font-size: 16px; text-align: justify; background-color: rgb(255, 255, 255);\"></div><div class=\"article-photo inlinephoto\" style=\"box-sizing: inherit; padding: 0px; color: rgb(51, 51, 51); font-family: Arial, Roboto, Merriweather, Georgia, sans-serif; font-size: 16px; text-align: justify; background-color: rgb(255, 255, 255);\"><img src=\"http://images.tienphong.vn/Uploaded/duynam/2016_04_10/BF7A0093_AJGM.JPG.ashx?width=600\" alt=\"\" width=\"440\" style=\"box-sizing: inherit; border: 0px; height: auto; max-width: 100%; width: 0px; margin-bottom: 15px; margin-top: 25px;\"></div><div class=\"article-photo inlinephoto\" style=\"box-sizing: inherit; padding: 0px; color: rgb(51, 51, 51); font-family: Arial, Roboto, Merriweather, Georgia, sans-serif; font-size: 16px; text-align: justify; background-color: rgb(255, 255, 255);\"></div><div class=\"article-photo inlinephoto\" style=\"box-sizing: inherit; padding: 0px; color: rgb(51, 51, 51); font-family: Arial, Roboto, Merriweather, Georgia, sans-serif; font-size: 16px; text-align: justify; background-color: rgb(255, 255, 255);\"><span class=\"fig\" style=\"box-sizing: inherit; display: block; font-style: italic; text-align: center;\">Một trong những kế hoạch đó là việc thử sức với sân chơi nhan sắc danh giá nhất năm nay – Hoa hậu Việt Nam 2016, sẽ khởi động vào tháng 6 tới.</span></div><div class=\"article-photo inlinephoto\" style=\"box-sizing: inherit; padding: 0px; color: rgb(51, 51, 51); font-family: Arial, Roboto, Merriweather, Georgia, sans-serif; font-size: 16px; text-align: justify; background-color: rgb(255, 255, 255);\"></div><div class=\"article-photo inlinephoto\" style=\"box-sizing: inherit; padding: 0px; color: rgb(51, 51, 51); font-family: Arial, Roboto, Merriweather, Georgia, sans-serif; font-size: 16px; text-align: justify; background-color: rgb(255, 255, 255);\"><img src=\"http://images.tienphong.vn/Uploaded/duynam/2016_04_10/BF7A0044_TPVK.JPG\" alt=\"\" width=\"440\" style=\"box-sizing: inherit; border: 0px; height: auto; max-width: 100%; width: 769.99px; margin-bottom: 15px; margin-top: 25px;\"></div><div class=\"article-photo inlinephoto\" style=\"box-sizing: inherit; padding: 0px; color: rgb(51, 51, 51); font-family: Arial, Roboto, Merriweather, Georgia, sans-serif; font-size: 16px; text-align: justify; background-color: rgb(255, 255, 255);\"></div><div class=\"article-photo inlinephoto\" style=\"box-sizing: inherit; padding: 0px; color: rgb(51, 51, 51); font-family: Arial, Roboto, Merriweather, Georgia, sans-serif; font-size: 16px; text-align: justify; background-color: rgb(255, 255, 255);\"><span class=\"fig\" style=\"box-sizing: inherit; display: block; font-style: italic; text-align: center;\">Nam Em từng thử sức tại cuộc thi Hoa hậu Việt Nam 2014 và lọt Top 38: “Tôi thi Hoa hậu Việt Nam 2014 vào năm 18 tuổi nên chưa có nhiều kinh nghiệm, kiến thức cũng như chưa biết rèn luyện hình thể. Vì thế, năm nay, tôi đang cân nhắc việc quay lại cuộc thi”.</span></div><div class=\"article-photo inlinephoto\" style=\"box-sizing: inherit; padding: 0px; color: rgb(51, 51, 51); font-family: Arial, Roboto, Merriweather, Georgia, sans-serif; font-size: 16px; text-align: justify; background-color: rgb(255, 255, 255);\"></div><div class=\"article-photo inlinephoto\" style=\"box-sizing: inherit; padding: 0px; color: rgb(51, 51, 51); font-family: Arial, Roboto, Merriweather, Georgia, sans-serif; font-size: 16px; text-align: justify; background-color: rgb(255, 255, 255);\"><img src=\"http://images.tienphong.vn/Uploaded/duynam/2016_04_10/BF7A0207_AYSQ.JPG\" alt=\"\" width=\"440\" style=\"box-sizing: inherit; border: 0px; height: auto; max-width: 100%; width: 769.99px; margin-bottom: 15px; margin-top: 25px;\"></div><div class=\"article-photo inlinephoto\" style=\"box-sizing: inherit; padding: 0px; color: rgb(51, 51, 51); font-family: Arial, Roboto, Merriweather, Georgia, sans-serif; font-size: 16px; text-align: justify; background-color: rgb(255, 255, 255);\"></div><div class=\"article-photo inlinephoto\" style=\"box-sizing: inherit; padding: 0px; color: rgb(51, 51, 51); font-family: Arial, Roboto, Merriweather, Georgia, sans-serif; font-size: 16px; text-align: justify; background-color: rgb(255, 255, 255);\"><span class=\"fig\" style=\"box-sizing: inherit; display: block; font-style: italic; text-align: center;\">Sau khi đăng quang ngôi vị cao nhất của cuộc thi Hoa khôi Đồng bằng Sông Cửu Long năm 2015 và lọt top 10 trong cuộc thi Hoa hậu hoàn vũ Việt Nam, ngoài việc tham gia các sự kiện, nhận lời chụp hình thời trang, đóng quảng cáo, Hoa khôi Nam Em còn tích cực tham gia các hoạt động xã hội, từ thiện để có cơ hội giúp đỡ nhiều hơn những hoàn cảnh khó khăn, kém may mắn.</span></div><div class=\"article-photo inlinephoto\" style=\"box-sizing: inherit; padding: 0px; color: rgb(51, 51, 51); font-family: Arial, Roboto, Merriweather, Georgia, sans-serif; font-size: 16px; text-align: justify; background-color: rgb(255, 255, 255);\"></div><div class=\"article-photo inlinephoto\" style=\"box-sizing: inherit; padding: 0px; color: rgb(51, 51, 51); font-family: Arial, Roboto, Merriweather, Georgia, sans-serif; font-size: 16px; text-align: justify; background-color: rgb(255, 255, 255);\"><img src=\"http://images.tienphong.vn/Uploaded/duynam/2016_04_10/BF7A0264_QEUI.JPG\" alt=\"\" width=\"440\" style=\"box-sizing: inherit; border: 0px; height: auto; max-width: 100%; width: 769.99px; margin-bottom: 15px; margin-top: 25px;\"></div><div class=\"article-photo inlinephoto\" style=\"box-sizing: inherit; padding: 0px; color: rgb(51, 51, 51); font-family: Arial, Roboto, Merriweather, Georgia, sans-serif; font-size: 16px; text-align: justify; background-color: rgb(255, 255, 255);\"></div><div class=\"article-photo inlinephoto\" style=\"box-sizing: inherit; padding: 0px; color: rgb(51, 51, 51); font-family: Arial, Roboto, Merriweather, Georgia, sans-serif; font-size: 16px; text-align: justify; background-color: rgb(255, 255, 255);\"><span class=\"fig\" style=\"box-sizing: inherit; display: block; font-style: italic; text-align: center;\">Vốn có “máu” ca hát trong người, lại có khoảng thời gian được đào tạo tại trường Đại học văn hóa nghệ thuật quân đội, Nam Em đã tích cực tập luyện thanh nhạc, thu âm và cho ra mắt sản phẩm âm nhạc đầu tay mang tên “Tết sang” vào đúng dịp Tết nguyên đán vừa qua. </span></div><div class=\"article-photo inlinephoto\" style=\"box-sizing: inherit; padding: 0px; color: rgb(51, 51, 51); font-family: Arial, Roboto, Merriweather, Georgia, sans-serif; font-size: 16px; text-align: justify; background-color: rgb(255, 255, 255);\"></div><div class=\"article-photo inlinephoto\" style=\"box-sizing: inherit; padding: 0px; color: rgb(51, 51, 51); font-family: Arial, Roboto, Merriweather, Georgia, sans-serif; font-size: 16px; text-align: justify; background-color: rgb(255, 255, 255);\"><p style=\"box-sizing: inherit; margin-right: 0px; margin-bottom: 8px; margin-left: 0px;\"><img src=\"http://images.tienphong.vn/Uploaded/duynam/2016_04_10/BF7A0400_UKRY.JPG.ashx?width=600\" alt=\"\" width=\"440\" style=\"box-sizing: inherit; border: 0px; height: auto; max-width: 100%; width: 0px; margin-bottom: 15px; margin-top: 25px;\"></p><p style=\"box-sizing: inherit; margin-right: 0px; margin-bottom: 8px; margin-left: 0px;\"><em style=\"box-sizing: inherit;\">Giữa năm nay, Nam Em cũng sẽ tiếp tục cho ra mắt một sản phẩm âm nhạc mới hứa hẹn tạo sự bất ngờ, thú vị với khán giả.</em></p><p style=\"box-sizing: inherit; margin-right: 0px; margin-bottom: 8px; margin-left: 0px;\"><img src=\"http://images.tienphong.vn/Uploaded/duynam/2016_04_10/BF7A0301_UGIY.JPG.ashx?width=600\" alt=\"\" width=\"440\" style=\"box-sizing: inherit; border: 0px; height: auto; max-width: 100%; width: 0px; margin-bottom: 15px; margin-top: 25px;\"></p><p style=\"box-sizing: inherit; margin-right: 0px; margin-bottom: 8px; margin-left: 0px;\"><span class=\"fig\" style=\"box-sizing: inherit; display: block; font-style: italic; text-align: center;\">Nam Em nói rằng, cô muốn hướng đến hình tượng một người đẹp đa năng, không chỉ biết biểu diễn trên sàn catwalk mà còn có thể hát, làm MC,… với hình ảnh trưởng thành và chững chạc hơn.</span></p></div><div class=\"article-photo inlinephoto\" style=\"box-sizing: inherit; padding: 0px; color: rgb(51, 51, 51); font-family: Arial, Roboto, Merriweather, Georgia, sans-serif; font-size: 16px; text-align: justify; background-color: rgb(255, 255, 255);\"><img src=\"http://images.tienphong.vn/Uploaded/duynam/2016_04_10/BF7A0454_KMUF.JPG\" alt=\"\" width=\"440\" style=\"box-sizing: inherit; border: 0px; height: auto; max-width: 100%; width: 769.99px; margin-bottom: 15px; margin-top: 25px;\"></div><div class=\"article-photo inlinephoto\" style=\"box-sizing: inherit; padding: 0px; color: rgb(51, 51, 51); font-family: Arial, Roboto, Merriweather, Georgia, sans-serif; font-size: 16px; text-align: justify; background-color: rgb(255, 255, 255);\"></div><div class=\"article-photo inlinephoto\" style=\"box-sizing: inherit; padding: 0px; color: rgb(51, 51, 51); font-family: Arial, Roboto, Merriweather, Georgia, sans-serif; font-size: 16px; text-align: justify; background-color: rgb(255, 255, 255);\"><span class=\"fig\" style=\"box-sizing: inherit; display: block; font-style: italic; text-align: center;\">Nam Em khoe vẻ đẹp kiêu sa, lộng lẫy khi diện những bộ đầm dạ hội với thiết kế sang trọng nhưng cũng không kém phần quyến rũ khi khoe khéo body hoàn hảo với số đo 3 vòng 85-61-90.</span></div><div class=\"article-photo inlinephoto\" style=\"box-sizing: inherit; padding: 0px; color: rgb(51, 51, 51); font-family: Arial, Roboto, Merriweather, Georgia, sans-serif; font-size: 16px; text-align: justify; background-color: rgb(255, 255, 255);\"></div><div class=\"article-photo inlinephoto\" style=\"box-sizing: inherit; padding: 0px; color: rgb(51, 51, 51); font-family: Arial, Roboto, Merriweather, Georgia, sans-serif; font-size: 16px; text-align: justify; background-color: rgb(255, 255, 255);\"><img src=\"http://images.tienphong.vn/Uploaded/duynam/2016_04_10/BF7A0462_EQVX.JPG\" alt=\"\" width=\"440\" style=\"box-sizing: inherit; border: 0px; height: auto; max-width: 100%; width: 769.99px; margin-bottom: 15px; margin-top: 25px;\"></div><div class=\"article-photo inlinephoto\" style=\"box-sizing: inherit; padding: 0px; color: rgb(51, 51, 51); font-family: Arial, Roboto, Merriweather, Georgia, sans-serif; font-size: 16px; text-align: justify; background-color: rgb(255, 255, 255);\"></div><div class=\"article-photo inlinephoto\" style=\"box-sizing: inherit; padding: 0px; color: rgb(51, 51, 51); font-family: Arial, Roboto, Merriweather, Georgia, sans-serif; font-size: 16px; text-align: justify; background-color: rgb(255, 255, 255);\"><span class=\"fig\" style=\"box-sizing: inherit; display: block; font-style: italic; text-align: center;\">Bộ ảnh được thực hiện với sự hỗ trợ của Stylist Trần Đạt.</span></div>','0'),(9,'Quis error quaerat n','aaaaaaaaaa','aaaaaaaaaaaaaaaaaaaa','aaaaaaaaaa','1'),(10,'1234567890','1234567890','12345678901234567890','<p>12345678901234567890</p>','1'),(11,'Sunt ullam ut fugiatdsfsdf','Iure perferendis saesdfsd','Tenetur est et volupsdfds','<p>sdfsdfdsfsdfds</p>','1'),(12,'https://sohanews.sohacdn.com/160588918557773824/2020/12/21/photo1608510959651-16085109628451911490096.gif','aaaaaaaaaaaaaaaaaaaaaaxsadsa','aaaaaaaaaaaaaaaaaaaaaaaaaaaaaaaaaaaaaaaaaaaaaaaaaaaádsad','Est ullamco suscipit.aaaaaaaaaaaaaaaadsadasdas','1');
/*!40000 ALTER TABLE `posts` ENABLE KEYS */;
UNLOCK TABLES;

--
-- Table structure for table `province`
--

DROP TABLE IF EXISTS `province`;
/*!40101 SET @saved_cs_client     = @@character_set_client */;
/*!50503 SET character_set_client = utf8mb4 */;
CREATE TABLE `province` (
  `idProvince` int NOT NULL AUTO_INCREMENT,
  `nameProvince` varchar(50) NOT NULL,
  `status` varchar(1) DEFAULT '0',
  PRIMARY KEY (`idProvince`)
) ENGINE=InnoDB AUTO_INCREMENT=25 DEFAULT CHARSET=utf8mb4 COLLATE=utf8mb4_0900_ai_ci;
/*!40101 SET character_set_client = @saved_cs_client */;

--
-- Dumping data for table `province`
--

LOCK TABLES `province` WRITE;
/*!40000 ALTER TABLE `province` DISABLE KEYS */;
INSERT INTO `province` VALUES (1,'Thừa Thiên Huế','0'),(2,'Long An','1'),(3,'Quảng Bình','0'),(4,'Quảng Trị','0'),(5,'Ba láp','1'),(6,'Bình Dương','0'),(7,'ád','1'),(8,'Hà Nội','0'),(9,'TP Hồ Chí Minh','0'),(10,'Bà Rịa -  Vũng Tàu','0'),(11,'sfdsfsd','1'),(12,'Bình Phước','0'),(13,'Đồng Nai','0'),(14,'Nam Định','0'),(15,'Đà Nẵng','0'),(16,'Bình Định','0'),(17,'Bình Thuận','0'),(18,'Trà Vinh','0'),(19,'Vĩnh Long','0'),(20,'Hà Tĩnh','0'),(21,'Nghệ An','0'),(22,'Điện Biên Phủ','0'),(23,'Ninh Thuận','0'),(24,'Stella Mccluread','1');
/*!40000 ALTER TABLE `province` ENABLE KEYS */;
UNLOCK TABLES;
/*!40103 SET TIME_ZONE=@OLD_TIME_ZONE */;

/*!40101 SET SQL_MODE=@OLD_SQL_MODE */;
/*!40014 SET FOREIGN_KEY_CHECKS=@OLD_FOREIGN_KEY_CHECKS */;
/*!40014 SET UNIQUE_CHECKS=@OLD_UNIQUE_CHECKS */;
/*!40101 SET CHARACTER_SET_CLIENT=@OLD_CHARACTER_SET_CLIENT */;
/*!40101 SET CHARACTER_SET_RESULTS=@OLD_CHARACTER_SET_RESULTS */;
/*!40101 SET COLLATION_CONNECTION=@OLD_COLLATION_CONNECTION */;
/*!40111 SET SQL_NOTES=@OLD_SQL_NOTES */;

-- Dump completed on 2021-03-01 13:11:46
